{
  "hash": "48a060a7",
  "configHash": "b1fea570",
  "lockfileHash": "3b9a1375",
  "browserHash": "1db064e1",
  "optimized": {
    "bootstrap": {
      "src": "../../node_modules/bootstrap/dist/js/bootstrap.esm.js",
      "file": "bootstrap.js",
      "fileHash": "550375e4",
      "needsInterop": false
    },
    "axios": {
      "src": "../../node_modules/axios/index.js",
      "file": "axios.js",
      "fileHash": "6bc04557",
      "needsInterop": false
    }
  },
  "chunks": {
    "chunk-PZ5AY32C": {
      "file": "chunk-PZ5AY32C.js"
    }
  }
}