-- phpMyAdmin SQL Dump
-- version 5.2.1
-- https://www.phpmyadmin.net/
--
-- Host: 127.0.0.1
-- Generation Time: Sep 03, 2024 at 07:31 AM
-- Server version: 10.4.32-MariaDB
-- PHP Version: 8.2.12

SET SQL_MODE = "NO_AUTO_VALUE_ON_ZERO";
START TRANSACTION;
SET time_zone = "+00:00";


/*!40101 SET @OLD_CHARACTER_SET_CLIENT=@@CHARACTER_SET_CLIENT */;
/*!40101 SET @OLD_CHARACTER_SET_RESULTS=@@CHARACTER_SET_RESULTS */;
/*!40101 SET @OLD_COLLATION_CONNECTION=@@COLLATION_CONNECTION */;
/*!40101 SET NAMES utf8mb4 */;

--
-- Database: `boneza_latest`
--

-- --------------------------------------------------------

--
-- Table structure for table `cache`
--

CREATE TABLE `cache` (
  `key` varchar(255) NOT NULL,
  `value` mediumtext NOT NULL,
  `expiration` int(11) NOT NULL
) ENGINE=InnoDB DEFAULT CHARSET=utf8mb4 COLLATE=utf8mb4_unicode_ci;

--
-- Dumping data for table `cache`
--

INSERT INTO `cache` (`key`, `value`, `expiration`) VALUES
('captcha_0060f649bdcce491129ac9e2513e77c7', 'a:4:{i:0;s:1:\"b\";i:1;s:1:\"6\";i:2;s:1:\"t\";i:3;s:1:\"j\";}', 1724929464),
('captcha_00c6ee8d589c93807d002f9b1a9cc49b', 'a:4:{i:0;s:1:\"e\";i:1;s:1:\"e\";i:2;s:1:\"d\";i:3;s:1:\"8\";}', 1724918212),
('captcha_012c810a3a656b31f40e77238501608a', 'a:4:{i:0;s:1:\"r\";i:1;s:1:\"g\";i:2;s:1:\"n\";i:3;s:1:\"j\";}', 1725280506),
('captcha_021d29ead7b1859d5b68a149186e2d11', 'a:4:{i:0;s:1:\"y\";i:1;s:1:\"y\";i:2;s:1:\"z\";i:3;s:1:\"u\";}', 1724918518),
('captcha_0243050ab14f0b77fe5452079eb01990', 's:9:\"20 + 8 = \";', 1724917673),
('captcha_0243b5b2d9463a95b22236f633886c4f', 'a:4:{i:0;s:1:\"8\";i:1;s:1:\"c\";i:2;s:1:\"a\";i:3;s:1:\"q\";}', 1724925255),
('captcha_0249fde005bea59cd15ff80709c6cb7b', 'a:4:{i:0;s:1:\"e\";i:1;s:1:\"p\";i:2;s:1:\"g\";i:3;s:1:\"9\";}', 1725281077),
('captcha_024a1b592220ff7c7771998851e0c745', 'a:4:{i:0;s:1:\"6\";i:1;s:1:\"n\";i:2;s:1:\"u\";i:3;s:1:\"j\";}', 1724934151),
('captcha_027805d12aba58b06c7e3c3e8613f5b8', 'a:4:{i:0;s:1:\"n\";i:1;s:1:\"3\";i:2;s:1:\"a\";i:3;s:1:\"g\";}', 1724920503),
('captcha_02b38c5a1e923203006504c211479331', 's:9:\"26 + 2 = \";', 1724917622),
('captcha_03596ab60800d67cd01ab2b764d6bb2e', 'a:4:{i:0;s:1:\"6\";i:1;s:1:\"p\";i:2;s:1:\"u\";i:3;s:1:\"t\";}', 1724928837),
('captcha_0402d220a85c3163201cac7ebf9acfe5', 'a:4:{i:0;s:1:\"e\";i:1;s:1:\"d\";i:2;s:1:\"j\";i:3;s:1:\"4\";}', 1724932729),
('captcha_045fbd3768d61e6a11232c1d8e49aea5', 's:9:\"25 + 2 = \";', 1724917627),
('captcha_0476b0022b6440386b8440cd93c0b176', 'a:4:{i:0;s:1:\"9\";i:1;s:1:\"r\";i:2;s:1:\"b\";i:3;s:1:\"f\";}', 1724925621),
('captcha_047c8c4e99086b4c592423e1ec6e03b3', 'a:4:{i:0;s:1:\"u\";i:1;s:1:\"p\";i:2;s:1:\"h\";i:3;s:1:\"r\";}', 1724939669),
('captcha_04b0aaa669f8ae11377c150d16e2a365', 'a:4:{i:0;s:1:\"n\";i:1;s:1:\"2\";i:2;s:1:\"f\";i:3;s:1:\"x\";}', 1724931541),
('captcha_04b53d6e40a5f8734c7570dfc0666837', 'a:4:{i:0;s:1:\"y\";i:1;s:1:\"c\";i:2;s:1:\"p\";i:3;s:1:\"b\";}', 1724933651),
('captcha_0544a2a099636e2d14badb799f50824c', 'a:4:{i:0;s:1:\"e\";i:1;s:1:\"x\";i:2;s:1:\"c\";i:3;s:1:\"m\";}', 1724932987),
('captcha_0549eeb582a6fa6c21fbf58c224eeea8', 'a:4:{i:0;s:1:\"d\";i:1;s:1:\"m\";i:2;s:1:\"h\";i:3;s:1:\"p\";}', 1724918541),
('captcha_05c519c043e15e24fa6e4d4005399c3c', 'a:4:{i:0;s:1:\"8\";i:1;s:1:\"7\";i:2;s:1:\"h\";i:3;s:1:\"n\";}', 1724933765),
('captcha_0609ec9dd72139a073cf5e50c2850937', 'a:4:{i:0;s:1:\"z\";i:1;s:1:\"t\";i:2;s:1:\"g\";i:3;s:1:\"r\";}', 1725279339),
('captcha_069795554cb099bd5c4e4f750c6afdd8', 'a:4:{i:0;s:1:\"d\";i:1;s:1:\"t\";i:2;s:1:\"n\";i:3;s:1:\"d\";}', 1725281291),
('captcha_06fa9111c19767c3e878c11415eedb47', 'a:4:{i:0;s:1:\"n\";i:1;s:1:\"a\";i:2;s:1:\"a\";i:3;s:1:\"r\";}', 1725264800),
('captcha_085f6f4f342b59066e2cb94236309707', 's:9:\"16 + 8 = \";', 1724917589),
('captcha_0902395f96ea404584fa5454e7131f7c', 'a:4:{i:0;s:1:\"e\";i:1;s:1:\"a\";i:2;s:1:\"3\";i:3;s:1:\"u\";}', 1724931488),
('captcha_09023f5f3f493b842f60ee47746f0f67', 'a:4:{i:0;s:1:\"x\";i:1;s:1:\"9\";i:2;s:1:\"d\";i:3;s:1:\"q\";}', 1724925755),
('captcha_096e5171cd7645174ba74f5d58c5468f', 'a:4:{i:0;s:1:\"n\";i:1;s:1:\"m\";i:2;s:1:\"m\";i:3;s:1:\"x\";}', 1725281199),
('captcha_097320d170b313978c6b052081f863a3', 'a:4:{i:0;s:1:\"n\";i:1;s:1:\"q\";i:2;s:1:\"z\";i:3;s:1:\"e\";}', 1725279562),
('captcha_0ae5f7b22c00a5ec05b3805b5f793c58', 'a:4:{i:0;s:1:\"g\";i:1;s:1:\"a\";i:2;s:1:\"t\";i:3;s:1:\"b\";}', 1724924796),
('captcha_0ba4576f090d3c1aa57342a6f7f5ad54', 'a:4:{i:0;s:1:\"x\";i:1;s:1:\"n\";i:2;s:1:\"p\";i:3;s:1:\"9\";}', 1724931482),
('captcha_0c37447e3a9ece2212c1afdb9fca3a5f', 'a:4:{i:0;s:1:\"9\";i:1;s:1:\"g\";i:2;s:1:\"h\";i:3;s:1:\"j\";}', 1725280522),
('captcha_0d193ed9a31f0d7e9e1b759d65fa1998', 'a:9:{i:0;s:1:\"p\";i:1;s:1:\"y\";i:2;s:1:\"t\";i:3;s:1:\"f\";i:4;s:1:\"y\";i:5;s:1:\"t\";i:6;s:1:\"a\";i:7;s:1:\"n\";i:8;s:1:\"j\";}', 1724395584),
('captcha_0d3bdb72837ec8ab804b622c5128f333', 'a:4:{i:0;s:1:\"j\";i:1;s:1:\"e\";i:2;s:1:\"d\";i:3;s:1:\"n\";}', 1724925166),
('captcha_0d87e929ffee843049fb543fbcaf0bce', 'a:4:{i:0;s:1:\"e\";i:1;s:1:\"x\";i:2;s:1:\"7\";i:3;s:1:\"r\";}', 1724925763),
('captcha_0e2af19371dbe85d1cf502afb57b6ce6', 'a:4:{i:0;s:1:\"n\";i:1;s:1:\"x\";i:2;s:1:\"g\";i:3;s:1:\"y\";}', 1725278986),
('captcha_0e44a52983c1efedc1ce3d349b81ece3', 'a:4:{i:0;s:1:\"t\";i:1;s:1:\"n\";i:2;s:1:\"a\";i:3;s:1:\"t\";}', 1724917911),
('captcha_0ed2be6c7c29609bfb0b48d4d29b74c5', 'a:4:{i:0;s:1:\"d\";i:1;s:1:\"u\";i:2;s:1:\"u\";i:3;s:1:\"n\";}', 1724931586),
('captcha_1031bc23166a9d278b4b1527841a5457', 'a:4:{i:0;s:1:\"d\";i:1;s:1:\"c\";i:2;s:1:\"a\";i:3;s:1:\"2\";}', 1724928802),
('captcha_1069421469b45bbce2456dd3a0db0bb8', 'a:4:{i:0;s:1:\"a\";i:1;s:1:\"7\";i:2;s:1:\"e\";i:3;s:1:\"h\";}', 1725280888),
('captcha_1082f6c1a71fb9fa0654ac007b3d7ded', 'a:4:{i:0;s:1:\"7\";i:1;s:1:\"h\";i:2;s:1:\"c\";i:3;s:1:\"j\";}', 1724924820),
('captcha_116d380cdb0f61509238fcb726c63024', 'a:4:{i:0;s:1:\"f\";i:1;s:1:\"h\";i:2;s:1:\"h\";i:3;s:1:\"m\";}', 1724929570),
('captcha_11a892e60528181215c48550d84d6bd6', 'a:4:{i:0;s:1:\"t\";i:1;s:1:\"4\";i:2;s:1:\"q\";i:3;s:1:\"f\";}', 1724933055),
('captcha_12db17a2f7e9e1f710097e3951a35ed6', 'a:4:{i:0;s:1:\"e\";i:1;s:1:\"u\";i:2;s:1:\"9\";i:3;s:1:\"f\";}', 1724931355),
('captcha_12dd1eca667588e71caf2e41036288be', 'a:9:{i:0;s:1:\"d\";i:1;s:1:\"7\";i:2;s:1:\"m\";i:3;s:1:\"g\";i:4;s:1:\"h\";i:5;s:1:\"q\";i:6;s:1:\"u\";i:7;s:1:\"g\";i:8;s:1:\"x\";}', 1724394264),
('captcha_13152838b42702cee21dc524042357d7', 'a:4:{i:0;s:1:\"z\";i:1;s:1:\"t\";i:2;s:1:\"a\";i:3;s:1:\"c\";}', 1724931493),
('captcha_13c5d3b6c1bae1fa0a90509a293e9bbb', 'a:4:{i:0;s:1:\"3\";i:1;s:1:\"q\";i:2;s:1:\"a\";i:3;s:1:\"c\";}', 1724938010),
('captcha_140d40171722cf0b2bff7fecc0c24fba', 'a:4:{i:0;s:1:\"b\";i:1;s:1:\"y\";i:2;s:1:\"j\";i:3;s:1:\"z\";}', 1725002436),
('captcha_145a0082ba2c66bd679a9df00d9540d5', 'a:4:{i:0;s:1:\"m\";i:1;s:1:\"7\";i:2;s:1:\"y\";i:3;s:1:\"b\";}', 1724920126),
('captcha_148866b183f728dd34826535262d7346', 'a:4:{i:0;s:1:\"b\";i:1;s:1:\"x\";i:2;s:1:\"c\";i:3;s:1:\"j\";}', 1724933744),
('captcha_15057178aafe9e190615230ce4f24aba', 'a:4:{i:0;s:1:\"p\";i:1;s:1:\"q\";i:2;s:1:\"r\";i:3;s:1:\"n\";}', 1724920508),
('captcha_152661f15509e0ec5d61506847adfe2e', 'a:9:{i:0;s:1:\"a\";i:1;s:1:\"f\";i:2;s:1:\"z\";i:3;s:1:\"n\";i:4;s:1:\"d\";i:5;s:1:\"t\";i:6;s:1:\"r\";i:7;s:1:\"u\";i:8;s:1:\"d\";}', 1724394869),
('captcha_160ab0b342abe8db41607b663e280894', 'a:4:{i:0;s:1:\"x\";i:1;s:1:\"y\";i:2;s:1:\"x\";i:3;s:1:\"e\";}', 1724924787),
('captcha_16abedecf50b8474193e94cf5807716b', 'a:4:{i:0;s:1:\"x\";i:1;s:1:\"r\";i:2;s:1:\"b\";i:3;s:1:\"t\";}', 1725002456),
('captcha_175066558d61f1da53c0c5bf8b2baafc', 'a:4:{i:0;s:1:\"c\";i:1;s:1:\"e\";i:2;s:1:\"j\";i:3;s:1:\"b\";}', 1724938616),
('captcha_18a5e1fa8b2838092301648af3cb27d4', 'a:4:{i:0;s:1:\"t\";i:1;s:1:\"h\";i:2;s:1:\"g\";i:3;s:1:\"f\";}', 1724938948),
('captcha_18d1199d28833319f826fcd8c448aa9d', 'a:4:{i:0;s:1:\"j\";i:1;s:1:\"c\";i:2;s:1:\"e\";i:3;s:1:\"n\";}', 1725281195),
('captcha_191cc110d6bdb4da5503b2df52c6eb27', 'a:4:{i:0;s:1:\"b\";i:1;s:1:\"f\";i:2;s:1:\"a\";i:3;s:1:\"c\";}', 1724918485),
('captcha_1affd40b7e5ebb55dd341a5f477b3a23', 'a:4:{i:0;s:1:\"g\";i:1;s:1:\"r\";i:2;s:1:\"u\";i:3;s:1:\"p\";}', 1724925186),
('captcha_1c7bd53b2672cd393b5280b397b8bceb', 'a:4:{i:0;s:1:\"q\";i:1;s:1:\"d\";i:2;s:1:\"c\";i:3;s:1:\"r\";}', 1724933064),
('captcha_1c97ac2d81549f7df35d26b30d5448d3', 'a:4:{i:0;s:1:\"e\";i:1;s:1:\"c\";i:2;s:1:\"p\";i:3;s:1:\"6\";}', 1725279773),
('captcha_1d620f8d65597584b930c74f75cb19f1', 'a:4:{i:0;s:1:\"f\";i:1;s:1:\"p\";i:2;s:1:\"r\";i:3;s:1:\"3\";}', 1724925260),
('captcha_1d739972c8f6a9c50e2d9f07a98d21a2', 'a:4:{i:0;s:1:\"f\";i:1;s:1:\"3\";i:2;s:1:\"x\";i:3;s:1:\"f\";}', 1724939537),
('captcha_1ed4b956c61cc35f477eb194eb88b3f3', 'a:4:{i:0;s:1:\"u\";i:1;s:1:\"3\";i:2;s:1:\"q\";i:3;s:1:\"y\";}', 1724925173),
('captcha_1f560fd0b172a2533e417bf2b099a55b', 'a:4:{i:0;s:1:\"3\";i:1;s:1:\"3\";i:2;s:1:\"n\";i:3;s:1:\"r\";}', 1724937932),
('captcha_1ffc7ca7553544c8017cde972f1e7305', 'a:4:{i:0;s:1:\"7\";i:1;s:1:\"z\";i:2;s:1:\"b\";i:3;s:1:\"x\";}', 1725279351),
('captcha_1ffe3dc6dd4449aef3ecf5342022a881', 'a:4:{i:0;s:1:\"a\";i:1;s:1:\"a\";i:2;s:1:\"x\";i:3;s:1:\"u\";}', 1725280861),
('captcha_2025a4fc7478998835bdca85f711bb8c', 'a:4:{i:0;s:1:\"g\";i:1;s:1:\"y\";i:2;s:1:\"r\";i:3;s:1:\"6\";}', 1725001224),
('captcha_2029ba7ae7cbba5965caf65864e2764d', 'a:4:{i:0;s:1:\"h\";i:1;s:1:\"n\";i:2;s:1:\"e\";i:3;s:1:\"a\";}', 1724920283),
('captcha_20b42ceeda2edfc368faf434e7e36f3c', 'a:4:{i:0;s:1:\"y\";i:1;s:1:\"a\";i:2;s:1:\"t\";i:3;s:1:\"g\";}', 1725274969),
('captcha_20bc24a930902860291307faf3df809a', 'a:4:{i:0;s:1:\"d\";i:1;s:1:\"a\";i:2;s:1:\"b\";i:3;s:1:\"e\";}', 1724938939),
('captcha_22381b369fb3e0837b170637493e2feb', 'a:9:{i:0;s:1:\"y\";i:1;s:1:\"z\";i:2;s:1:\"t\";i:3;s:1:\"p\";i:4;s:1:\"j\";i:5;s:1:\"r\";i:6;s:1:\"4\";i:7;s:1:\"h\";i:8;s:1:\"h\";}', 1724394740),
('captcha_230229b90759a1bc9007c445ac458559', 'a:4:{i:0;s:1:\"8\";i:1;s:1:\"p\";i:2;s:1:\"z\";i:3;s:1:\"a\";}', 1724919977),
('captcha_231547417bd59445aa78c048ad1b68dc', 'a:4:{i:0;s:1:\"t\";i:1;s:1:\"c\";i:2;s:1:\"q\";i:3;s:1:\"c\";}', 1724925770),
('captcha_2450f8de83f399ac44fc8be67510d7e7', 'a:4:{i:0;s:1:\"a\";i:1;s:1:\"y\";i:2;s:1:\"e\";i:3;s:1:\"q\";}', 1725281062),
('captcha_252490d766754d887c007aa4294372b9', 'a:4:{i:0;s:1:\"q\";i:1;s:1:\"t\";i:2;s:1:\"u\";i:3;s:1:\"6\";}', 1725278779),
('captcha_25688c3725546ce48669eeec8c5d4f17', 's:9:\"26 + 1 = \";', 1724917588),
('captcha_258a16ba884bcec966d9b83b38350294', 'a:4:{i:0;s:1:\"6\";i:1;s:1:\"b\";i:2;s:1:\"m\";i:3;s:1:\"m\";}', 1724931502),
('captcha_25c7cde23deac2581a3369919769da03', 'a:4:{i:0;s:1:\"e\";i:1;s:1:\"7\";i:2;s:1:\"z\";i:3;s:1:\"a\";}', 1724933024),
('captcha_2607fd2832cd82bd16bb25fc628883a3', 'a:4:{i:0;s:1:\"h\";i:1;s:1:\"c\";i:2;s:1:\"p\";i:3;s:1:\"p\";}', 1724918564),
('captcha_26623fcb36bb509702bf934571882988', 'a:4:{i:0;s:1:\"b\";i:1;s:1:\"j\";i:2;s:1:\"2\";i:3;s:1:\"9\";}', 1724919607),
('captcha_26d20206e139a6bcb4db9ed7cb568ae1', 'a:4:{i:0;s:1:\"d\";i:1;s:1:\"u\";i:2;s:1:\"b\";i:3;s:1:\"9\";}', 1725264602),
('captcha_2748b55f360e2e9088417ee3eaef69fb', 'a:4:{i:0;s:1:\"y\";i:1;s:1:\"n\";i:2;s:1:\"d\";i:3;s:1:\"q\";}', 1724928870),
('captcha_2852eedef4ab0e842738e6ac273fd132', 'a:4:{i:0;s:1:\"r\";i:1;s:1:\"d\";i:2;s:1:\"n\";i:3;s:1:\"7\";}', 1724917883),
('captcha_28c7d7936eebfb0bbbd7476b37262769', 'a:4:{i:0;s:1:\"u\";i:1;s:1:\"p\";i:2;s:1:\"c\";i:3;s:1:\"2\";}', 1724933017),
('captcha_2913af6d3110e18c0f29608bad9563b5', 'a:4:{i:0;s:1:\"6\";i:1;s:1:\"q\";i:2;s:1:\"r\";i:3;s:1:\"r\";}', 1724931353),
('captcha_293b5e009a1a93b92e8fd7ccb782f2a7', 'a:4:{i:0;s:1:\"h\";i:1;s:1:\"d\";i:2;s:1:\"8\";i:3;s:1:\"x\";}', 1724935082),
('captcha_29c5112aa5a6e184a5febad23b2d52f9', 'a:4:{i:0;s:1:\"f\";i:1;s:1:\"m\";i:2;s:1:\"u\";i:3;s:1:\"m\";}', 1724925752),
('captcha_29dd2e200d7da96e27b86319e7c9f4d3', 'a:4:{i:0;s:1:\"u\";i:1;s:1:\"c\";i:2;s:1:\"a\";i:3;s:1:\"b\";}', 1724931405),
('captcha_2c122a2607ed44b3aa6fe149f6689750', 'a:4:{i:0;s:1:\"d\";i:1;s:1:\"z\";i:2;s:1:\"d\";i:3;s:1:\"q\";}', 1724938920),
('captcha_2c5df0536c4653702bdad01ffd0c2265', 'a:4:{i:0;s:1:\"3\";i:1;s:1:\"a\";i:2;s:1:\"j\";i:3;s:1:\"x\";}', 1724928394),
('captcha_2c6aa61cd7db705014f80d4b24b9175a', 'a:4:{i:0;s:1:\"z\";i:1;s:1:\"q\";i:2;s:1:\"h\";i:3;s:1:\"u\";}', 1724919969),
('captcha_2ca8f40d7ac5e84a135ec8b84f44205b', 'a:4:{i:0;s:1:\"x\";i:1;s:1:\"z\";i:2;s:1:\"t\";i:3;s:1:\"6\";}', 1724932264),
('captcha_2d5e280761f07892fd969e09adc039f7', 'a:4:{i:0;s:1:\"2\";i:1;s:1:\"j\";i:2;s:1:\"7\";i:3;s:1:\"g\";}', 1724939063),
('captcha_2df3ce755712f4b53a63715d1538a7fb', 'a:4:{i:0;s:1:\"g\";i:1;s:1:\"r\";i:2;s:1:\"r\";i:3;s:1:\"d\";}', 1724937638),
('captcha_2e7226cbbfeec93f6e075925f4cb5b53', 'a:4:{i:0;s:1:\"4\";i:1;s:1:\"f\";i:2;s:1:\"y\";i:3;s:1:\"f\";}', 1724938627),
('captcha_2ef5fefb1533ec5dd6d0379b0b55bf7b', 's:9:\"26 + 6 = \";', 1724917512),
('captcha_2f211f2579425d989b2e99b1546acf62', 'a:4:{i:0;s:1:\"p\";i:1;s:1:\"x\";i:2;s:1:\"m\";i:3;s:1:\"d\";}', 1724924789),
('captcha_2fa1df828424d75270c9a2f611455691', 'a:4:{i:0;s:1:\"j\";i:1;s:1:\"r\";i:2;s:1:\"9\";i:3;s:1:\"a\";}', 1724929569),
('captcha_2fd9979deba94ccace4bb15bb74c661b', 'a:4:{i:0;s:1:\"b\";i:1;s:1:\"b\";i:2;s:1:\"y\";i:3;s:1:\"r\";}', 1724939441),
('captcha_2fe8c7c065952d497f455cf8ae0fb11d', 'a:9:{i:0;s:1:\"r\";i:1;s:1:\"q\";i:2;s:1:\"n\";i:3;s:1:\"j\";i:4;s:1:\"p\";i:5;s:1:\"9\";i:6;s:1:\"u\";i:7;s:1:\"g\";i:8;s:1:\"e\";}', 1724394267),
('captcha_309d7b3c1af1e19f85a4995d648b5efa', 's:9:\"17 + 4 = \";', 1724917614),
('captcha_31efcfe6c778cecb522e236eb6a715d3', 'a:4:{i:0;s:1:\"z\";i:1;s:1:\"m\";i:2;s:1:\"d\";i:3;s:1:\"t\";}', 1724939192),
('captcha_32372af0391ecf08e0b5f04f9e994f84', 'a:4:{i:0;s:1:\"x\";i:1;s:1:\"d\";i:2;s:1:\"p\";i:3;s:1:\"8\";}', 1724925175),
('captcha_32fa231117eb2591f491da805d046074', 'a:4:{i:0;s:1:\"7\";i:1;s:1:\"q\";i:2;s:1:\"x\";i:3;s:1:\"u\";}', 1724934304),
('captcha_331607b417f5b85964f74c967e31df0d', 'a:4:{i:0;s:1:\"d\";i:1;s:1:\"z\";i:2;s:1:\"q\";i:3;s:1:\"2\";}', 1724934104),
('captcha_33ed4670b93a17f342eb3f540e1b9896', 'a:4:{i:0;s:1:\"j\";i:1;s:1:\"t\";i:2;s:1:\"x\";i:3;s:1:\"f\";}', 1724931990),
('captcha_3489c30e315f99538eefaecd9784f48d', 'a:4:{i:0;s:1:\"q\";i:1;s:1:\"p\";i:2;s:1:\"x\";i:3;s:1:\"z\";}', 1724932252),
('captcha_34e21582432db9e378c9f4fb380f752c', 'a:4:{i:0;s:1:\"r\";i:1;s:1:\"n\";i:2;s:1:\"r\";i:3;s:1:\"j\";}', 1724938033),
('captcha_3537c72e2935b2a03e2e5705b9a4ddca', 'a:4:{i:0;s:1:\"p\";i:1;s:1:\"m\";i:2;s:1:\"2\";i:3;s:1:\"n\";}', 1724935113),
('captcha_36d2109c23bf33b817069030bfd5f0a2', 'a:4:{i:0;s:1:\"r\";i:1;s:1:\"j\";i:2;s:1:\"a\";i:3;s:1:\"d\";}', 1724938423),
('captcha_36f6008c72f867c87ebd904dd308a2d6', 'a:4:{i:0;s:1:\"n\";i:1;s:1:\"8\";i:2;s:1:\"t\";i:3;s:1:\"e\";}', 1724933987),
('captcha_371a79d9239b2cda1be181fdf95b9b2f', 'a:4:{i:0;s:1:\"y\";i:1;s:1:\"7\";i:2;s:1:\"d\";i:3;s:1:\"p\";}', 1724938030),
('captcha_3780183b014de83c8e5c63381d94a3f6', 'a:4:{i:0;s:1:\"q\";i:1;s:1:\"p\";i:2;s:1:\"2\";i:3;s:1:\"h\";}', 1724920468),
('captcha_3882272d4e415d45df9cde0831f0ef89', 'a:4:{i:0;s:1:\"b\";i:1;s:1:\"q\";i:2;s:1:\"f\";i:3;s:1:\"2\";}', 1724937536),
('captcha_39b4e328426ea4bb5d18b3ebddf365d4', 'a:4:{i:0;s:1:\"f\";i:1;s:1:\"2\";i:2;s:1:\"y\";i:3;s:1:\"7\";}', 1724938065),
('captcha_39e25bc3c2c6113a8755686eb4207258', 'a:4:{i:0;s:1:\"r\";i:1;s:1:\"9\";i:2;s:1:\"j\";i:3;s:1:\"2\";}', 1724927371),
('captcha_3a45aca98a32196619ffcef1db839151', 'a:4:{i:0;s:1:\"e\";i:1;s:1:\"d\";i:2;s:1:\"c\";i:3;s:1:\"a\";}', 1724932248),
('captcha_3a65e2cabcf85f90d3d06f6f8f346c93', 'a:4:{i:0;s:1:\"7\";i:1;s:1:\"c\";i:2;s:1:\"6\";i:3;s:1:\"x\";}', 1724931348),
('captcha_3a7f71b1389022bf0e0e338380d24525', 'a:4:{i:0;s:1:\"g\";i:1;s:1:\"e\";i:2;s:1:\"t\";i:3;s:1:\"7\";}', 1724939204),
('captcha_3b259fcc2029557cad3c4561457d2380', 'a:4:{i:0;s:1:\"b\";i:1;s:1:\"x\";i:2;s:1:\"p\";i:3;s:1:\"a\";}', 1724920374),
('captcha_3b45fd54b68fb9beed2cea5decff19cb', 'a:4:{i:0;s:1:\"f\";i:1;s:1:\"t\";i:2;s:1:\"z\";i:3;s:1:\"7\";}', 1725281293),
('captcha_3bb5a7ffa8a978631fd195474140f577', 'a:4:{i:0;s:1:\"m\";i:1;s:1:\"j\";i:2;s:1:\"a\";i:3;s:1:\"f\";}', 1724933065),
('captcha_3bbf37ce15077456f8a2d42cdf786787', 'a:4:{i:0;s:1:\"b\";i:1;s:1:\"r\";i:2;s:1:\"u\";i:3;s:1:\"p\";}', 1724934175),
('captcha_3c20ad50c5dcf6877841345e2803184f', 'a:4:{i:0;s:1:\"m\";i:1;s:1:\"z\";i:2;s:1:\"c\";i:3;s:1:\"b\";}', 1724935090),
('captcha_3c5f596e685888511c3ecdac65c87f74', 'a:4:{i:0;s:1:\"7\";i:1;s:1:\"p\";i:2;s:1:\"4\";i:3;s:1:\"e\";}', 1724926756),
('captcha_3d0b5a8142fa6efb2490767ca630dbad', 'a:4:{i:0;s:1:\"b\";i:1;s:1:\"7\";i:2;s:1:\"n\";i:3;s:1:\"x\";}', 1724937567),
('captcha_3ddac1340686c444f228018560a64383', 'a:4:{i:0;s:1:\"y\";i:1;s:1:\"3\";i:2;s:1:\"g\";i:3;s:1:\"c\";}', 1724928400),
('captcha_3e7adf36ed73e8ff0a2393ebf89f5a95', 'a:4:{i:0;s:1:\"f\";i:1;s:1:\"n\";i:2;s:1:\"z\";i:3;s:1:\"d\";}', 1724920467),
('captcha_3e89b26a380fba85e70fd04e6a899d34', 'a:4:{i:0;s:1:\"g\";i:1;s:1:\"y\";i:2;s:1:\"f\";i:3;s:1:\"y\";}', 1724931542),
('captcha_3e94e37d16f0cb3629d3eec56227da6f', 'a:4:{i:0;s:1:\"2\";i:1;s:1:\"q\";i:2;s:1:\"a\";i:3;s:1:\"f\";}', 1724933238),
('captcha_3ecc3404d84687f5debf67bc393e86c8', 'a:4:{i:0;s:1:\"u\";i:1;s:1:\"7\";i:2;s:1:\"p\";i:3;s:1:\"t\";}', 1724937940),
('captcha_3fdb065ec9622940737d0d912d46ff3d', 'a:4:{i:0;s:1:\"8\";i:1;s:1:\"e\";i:2;s:1:\"h\";i:3;s:1:\"u\";}', 1724925154),
('captcha_41c5b1fabf7740b9232588fa40e07dad', 'a:4:{i:0;s:1:\"9\";i:1;s:1:\"y\";i:2;s:1:\"u\";i:3;s:1:\"y\";}', 1725281400),
('captcha_41d2b4ae0da2a17a24cf8de726b4d4b7', 'a:4:{i:0;s:1:\"6\";i:1;s:1:\"j\";i:2;s:1:\"y\";i:3;s:1:\"m\";}', 1724933057),
('captcha_425549b6df0d5b1bd8dad9816a011b1e', 'a:4:{i:0;s:1:\"x\";i:1;s:1:\"p\";i:2;s:1:\"n\";i:3;s:1:\"u\";}', 1725281382),
('captcha_433092159c4c2e4ed35c140f5bc32b6d', 'a:4:{i:0;s:1:\"g\";i:1;s:1:\"t\";i:2;s:1:\"r\";i:3;s:1:\"j\";}', 1725279760),
('captcha_44a40da3bea1e07e7f57b25339a67aa7', 'a:4:{i:0;s:1:\"7\";i:1;s:1:\"p\";i:2;s:1:\"p\";i:3;s:1:\"r\";}', 1724929568),
('captcha_44a8c6d82fcd98f7e554229e7b5b8d3e', 'a:4:{i:0;s:1:\"g\";i:1;s:1:\"z\";i:2;s:1:\"b\";i:3;s:1:\"b\";}', 1724937617),
('captcha_4515d1c03e0f20cf254f6cb711d7e8b3', 'a:4:{i:0;s:1:\"d\";i:1;s:1:\"y\";i:2;s:1:\"a\";i:3;s:1:\"p\";}', 1724934014),
('captcha_4520885ff34243f423ce6181f4789aef', 'a:4:{i:0;s:1:\"n\";i:1;s:1:\"3\";i:2;s:1:\"d\";i:3;s:1:\"n\";}', 1724934855),
('captcha_4563f15f12f91dadc2eec05444223b46', 'a:4:{i:0;s:1:\"e\";i:1;s:1:\"c\";i:2;s:1:\"a\";i:3;s:1:\"m\";}', 1725280678),
('captcha_457312597fec8795fd4f320d8d230201', 'a:4:{i:0;s:1:\"t\";i:1;s:1:\"a\";i:2;s:1:\"q\";i:3;s:1:\"r\";}', 1725278769),
('captcha_47561f6dd3dfb5610808e903b78eabc0', 'a:4:{i:0;s:1:\"q\";i:1;s:1:\"9\";i:2;s:1:\"t\";i:3;s:1:\"j\";}', 1724939218),
('captcha_47a5b106c7243c75f4669fbf06369323', 'a:4:{i:0;s:1:\"y\";i:1;s:1:\"p\";i:2;s:1:\"u\";i:3;s:1:\"3\";}', 1725279130),
('captcha_47e293bb3355a073d99421398cf5c8b3', 'a:4:{i:0;s:1:\"u\";i:1;s:1:\"p\";i:2;s:1:\"r\";i:3;s:1:\"q\";}', 1724918507),
('captcha_4984b0cb9618c54889acfb81f69c1b5c', 'a:4:{i:0;s:1:\"b\";i:1;s:1:\"z\";i:2;s:1:\"p\";i:3;s:1:\"m\";}', 1725281462),
('captcha_49c6b011588e789b1809584fecc985fe', 'a:4:{i:0;s:1:\"j\";i:1;s:1:\"j\";i:2;s:1:\"9\";i:3;s:1:\"q\";}', 1724920377),
('captcha_4a39c8ef3598590e7b2a13dd799b60fb', 'a:4:{i:0;s:1:\"h\";i:1;s:1:\"j\";i:2;s:1:\"8\";i:3;s:1:\"y\";}', 1725281059),
('captcha_4af3a44eda7dec35bda8d84ffe5e3b41', 'a:4:{i:0;s:1:\"h\";i:1;s:1:\"b\";i:2;s:1:\"3\";i:3;s:1:\"g\";}', 1724937599),
('captcha_4c51681c5f0ad3b835a3e6f8443447ce', 's:9:\"27 + 5 = \";', 1724917615),
('captcha_4c7c4811d91d767dad9cd9807d46386e', 'a:4:{i:0;s:1:\"y\";i:1;s:1:\"3\";i:2;s:1:\"r\";i:3;s:1:\"h\";}', 1724931530),
('captcha_4c90dd95db6d7001d1d62dca46d9bd2c', 'a:4:{i:0;s:1:\"a\";i:1;s:1:\"j\";i:2;s:1:\"m\";i:3;s:1:\"t\";}', 1724931490),
('captcha_4cde6be0526a4875f471c1f302f44352', 'a:4:{i:0;s:1:\"q\";i:1;s:1:\"y\";i:2;s:1:\"b\";i:3;s:1:\"a\";}', 1724938038),
('captcha_4d59392e8a60a7e55192883dcb104b2e', 'a:4:{i:0;s:1:\"a\";i:1;s:1:\"r\";i:2;s:1:\"h\";i:3;s:1:\"4\";}', 1724935126),
('captcha_4dbce3bf155d6b3bb3b6a0fb984dc5bd', 'a:4:{i:0;s:1:\"f\";i:1;s:1:\"y\";i:2;s:1:\"7\";i:3;s:1:\"a\";}', 1725278801),
('captcha_4e2ffc7b1f218549ae67e9afef92d3c2', 'a:4:{i:0;s:1:\"q\";i:1;s:1:\"8\";i:2;s:1:\"n\";i:3;s:1:\"p\";}', 1724937645),
('captcha_4ee572b3499b19b0fd38b6402a2076ed', 'a:4:{i:0;s:1:\"f\";i:1;s:1:\"g\";i:2;s:1:\"4\";i:3;s:1:\"r\";}', 1724918494),
('captcha_4eff2d694a4ed4d6bd8440819ee35454', 'a:4:{i:0;s:1:\"q\";i:1;s:1:\"e\";i:2;s:1:\"7\";i:3;s:1:\"g\";}', 1724920384),
('captcha_4f1e3e409c4fc28ca96f0ddbe660883f', 'a:4:{i:0;s:1:\"r\";i:1;s:1:\"p\";i:2;s:1:\"c\";i:3;s:1:\"e\";}', 1724937614),
('captcha_4f432ccde2b501344ec97126f5d421c4', 'a:4:{i:0;s:1:\"r\";i:1;s:1:\"y\";i:2;s:1:\"d\";i:3;s:1:\"e\";}', 1725264605),
('captcha_4f87195019a238a08789c1ae05954507', 'a:4:{i:0;s:1:\"b\";i:1;s:1:\"c\";i:2;s:1:\"t\";i:3;s:1:\"h\";}', 1725264418),
('captcha_5088009acd714139430320b3d14a9766', 'a:4:{i:0;s:1:\"r\";i:1;s:1:\"y\";i:2;s:1:\"f\";i:3;s:1:\"d\";}', 1724920312),
('captcha_50956b5e5fee70dfed331ba4c09315da', 'a:4:{i:0;s:1:\"q\";i:1;s:1:\"y\";i:2;s:1:\"a\";i:3;s:1:\"n\";}', 1724925173),
('captcha_50f8ceca63c5a9f407d047706d0d62ee', 'a:4:{i:0;s:1:\"9\";i:1;s:1:\"p\";i:2;s:1:\"m\";i:3;s:1:\"j\";}', 1724931489),
('captcha_5153db5c85756da0cfed156396e35d7c', 'a:4:{i:0;s:1:\"c\";i:1;s:1:\"b\";i:2;s:1:\"a\";i:3;s:1:\"x\";}', 1724918969),
('captcha_5185109522a02271c81506006996e00a', 'a:4:{i:0;s:1:\"f\";i:1;s:1:\"c\";i:2;s:1:\"8\";i:3;s:1:\"j\";}', 1725279079),
('captcha_51e6c6ead8205b950f30b904992b5c66', 'a:4:{i:0;s:1:\"r\";i:1;s:1:\"y\";i:2;s:1:\"y\";i:3;s:1:\"8\";}', 1725276297),
('captcha_51f523e20ff442303360fb101b14f3a5', 'a:4:{i:0;s:1:\"3\";i:1;s:1:\"m\";i:2;s:1:\"c\";i:3;s:1:\"y\";}', 1724939130),
('captcha_522b6f479196262f6ce9fc6e64f7eae4', 'a:9:{i:0;s:1:\"t\";i:1;s:1:\"8\";i:2;s:1:\"j\";i:3;s:1:\"f\";i:4;s:1:\"c\";i:5;s:1:\"e\";i:6;s:1:\"n\";i:7;s:1:\"j\";i:8;s:1:\"4\";}', 1724917683),
('captcha_524c034c1212f7948c4cb2c3656f6755', 'a:4:{i:0;s:1:\"m\";i:1;s:1:\"h\";i:2;s:1:\"e\";i:3;s:1:\"q\";}', 1724995022),
('captcha_52df02e166d0ea1fa96c6a7e5cc38b95', 'a:4:{i:0;s:1:\"z\";i:1;s:1:\"6\";i:2;s:1:\"p\";i:3;s:1:\"j\";}', 1724938864),
('captcha_5483aba06e616d73e635ec26fb113318', 's:9:\"15 + 2 = \";', 1724917347),
('captcha_55c09f1bb427d90e129992e210813571', 'a:4:{i:0;s:1:\"n\";i:1;s:1:\"h\";i:2;s:1:\"a\";i:3;s:1:\"e\";}', 1724918494),
('captcha_56164943a68cfa20c5a4cdf51da22650', 'a:4:{i:0;s:1:\"y\";i:1;s:1:\"8\";i:2;s:1:\"t\";i:3;s:1:\"y\";}', 1724933032),
('captcha_5686811be9d7bb5138712f7260dc5f8f', 's:9:\"16 + 4 = \";', 1724917460),
('captcha_56c6b2f645cf42d726eb8b707c951d6b', 'a:4:{i:0;s:1:\"r\";i:1;s:1:\"j\";i:2;s:1:\"n\";i:3;s:1:\"n\";}', 1724920314),
('captcha_57056df2fcc7055d49581d0bf17205cf', 'a:4:{i:0;s:1:\"u\";i:1;s:1:\"d\";i:2;s:1:\"j\";i:3;s:1:\"n\";}', 1724931499),
('captcha_5746fc5bb98767a70e189f9b3f7643fe', 'a:4:{i:0;s:1:\"e\";i:1;s:1:\"r\";i:2;s:1:\"e\";i:3;s:1:\"7\";}', 1724919868),
('captcha_5a5a289e9ca09e261ee7e1e4444a67be', 'a:4:{i:0;s:1:\"e\";i:1;s:1:\"g\";i:2;s:1:\"z\";i:3;s:1:\"e\";}', 1725007273),
('captcha_5a7f2d077cda3d67ee11f8231340c66f', 'a:4:{i:0;s:1:\"y\";i:1;s:1:\"e\";i:2;s:1:\"r\";i:3;s:1:\"p\";}', 1724917905),
('captcha_5aaaf067beb6275d38b89f02b779a4ce', 'a:4:{i:0;s:1:\"3\";i:1;s:1:\"8\";i:2;s:1:\"h\";i:3;s:1:\"z\";}', 1724924808),
('captcha_5b87929f5a3f33588ff3e1acac0b8f9d', 'a:4:{i:0;s:1:\"x\";i:1;s:1:\"a\";i:2;s:1:\"y\";i:3;s:1:\"r\";}', 1724933769),
('captcha_5c2fc0336c354fcd7c4a7c72646890ae', 'a:4:{i:0;s:1:\"7\";i:1;s:1:\"y\";i:2;s:1:\"7\";i:3;s:1:\"p\";}', 1724924530),
('captcha_5cf2041ea26236ba3946151adcc2c8b7', 'a:4:{i:0;s:1:\"u\";i:1;s:1:\"4\";i:2;s:1:\"b\";i:3;s:1:\"p\";}', 1724920390),
('captcha_5d2be37d62e918f57dae5519fe454405', 'a:4:{i:0;s:1:\"u\";i:1;s:1:\"d\";i:2;s:1:\"7\";i:3;s:1:\"c\";}', 1724931755),
('captcha_5dc75016a39755f09d0dc5d75bdcccbd', 'a:4:{i:0;s:1:\"9\";i:1;s:1:\"4\";i:2;s:1:\"q\";i:3;s:1:\"6\";}', 1725279090),
('captcha_5e053812b03aff3d8f4b4c49977c10da', 'a:4:{i:0;s:1:\"x\";i:1;s:1:\"h\";i:2;s:1:\"q\";i:3;s:1:\"m\";}', 1724929416),
('captcha_5e2c458f323ed78b2a9f13c1760e5832', 'a:4:{i:0;s:1:\"m\";i:1;s:1:\"d\";i:2;s:1:\"d\";i:3;s:1:\"q\";}', 1725278773),
('captcha_5e5e2650e470643c520642819bb604b4', 'a:4:{i:0;s:1:\"c\";i:1;s:1:\"3\";i:2;s:1:\"t\";i:3;s:1:\"b\";}', 1724931361),
('captcha_5f0403898424115515cea5cbe59def92', 's:9:\"24 + 9 = \";', 1724917628),
('captcha_6017a96c9cc9c69de49367ea7573fcdd', 'a:4:{i:0;s:1:\"e\";i:1;s:1:\"2\";i:2;s:1:\"d\";i:3;s:1:\"r\";}', 1725278385),
('captcha_612b511f10700e063a974af23cca48ef', 'a:4:{i:0;s:1:\"u\";i:1;s:1:\"c\";i:2;s:1:\"h\";i:3;s:1:\"u\";}', 1725281192),
('captcha_615a19cf9665d604eb8e993aac936fee', 'a:4:{i:0;s:1:\"y\";i:1;s:1:\"g\";i:2;s:1:\"c\";i:3;s:1:\"z\";}', 1724937516),
('captcha_62044c2715f8a41e0978e81e0f75c8c1', 'a:4:{i:0;s:1:\"t\";i:1;s:1:\"j\";i:2;s:1:\"m\";i:3;s:1:\"t\";}', 1724918539),
('captcha_622d3f9b7aff35af30723263626f3374', 'a:4:{i:0;s:1:\"c\";i:1;s:1:\"t\";i:2;s:1:\"m\";i:3;s:1:\"e\";}', 1724939310),
('captcha_648c0a36e565fda2a55f90ea8ab5fae9', 'a:9:{i:0;s:1:\"8\";i:1;s:1:\"g\";i:2;s:1:\"u\";i:3;s:1:\"e\";i:4;s:1:\"n\";i:5;s:1:\"z\";i:6;s:1:\"g\";i:7;s:1:\"e\";i:8;s:1:\"e\";}', 1724395550),
('captcha_658c18f748c42855d8a26a14f15ca176', 'a:4:{i:0;s:1:\"q\";i:1;s:1:\"g\";i:2;s:1:\"u\";i:3;s:1:\"f\";}', 1724925768),
('captcha_661ad30d55ade5daa1fbaf5a21f957c3', 'a:4:{i:0;s:1:\"y\";i:1;s:1:\"x\";i:2;s:1:\"m\";i:3;s:1:\"f\";}', 1724933746),
('captcha_664e6287697320c8db98440d3dab05f6', 'a:4:{i:0;s:1:\"z\";i:1;s:1:\"e\";i:2;s:1:\"x\";i:3;s:1:\"q\";}', 1725264589),
('captcha_66e60698b7aa299fa453d7bfb2d8171c', 'a:4:{i:0;s:1:\"q\";i:1;s:1:\"g\";i:2;s:1:\"c\";i:3;s:1:\"d\";}', 1725278811),
('captcha_674fab15e393a6a34e91d74a342b049f', 's:9:\"17 + 3 = \";', 1724917459),
('captcha_68f493ab47a31f5387f7ff1bf45ea405', 'a:4:{i:0;s:1:\"m\";i:1;s:1:\"u\";i:2;s:1:\"m\";i:3;s:1:\"2\";}', 1724934111),
('captcha_692c9f7e3657244446934f6030693bbf', 'a:4:{i:0;s:1:\"p\";i:1;s:1:\"6\";i:2;s:1:\"u\";i:3;s:1:\"y\";}', 1724938435),
('captcha_6990da643a457b0d9957f373f0425701', 'a:4:{i:0;s:1:\"n\";i:1;s:1:\"8\";i:2;s:1:\"b\";i:3;s:1:\"z\";}', 1724931536),
('captcha_6a47d74facd3ac0f4b287bfd8d7ece84', 'a:4:{i:0;s:1:\"x\";i:1;s:1:\"d\";i:2;s:1:\"t\";i:3;s:1:\"a\";}', 1725278819),
('captcha_6b2e15122b226f78565e8846f372f4ef', 'a:4:{i:0;s:1:\"r\";i:1;s:1:\"t\";i:2;s:1:\"p\";i:3;s:1:\"a\";}', 1725280390),
('captcha_6b6ecbacae167b6abf372f29182993a3', 'a:4:{i:0;s:1:\"x\";i:1;s:1:\"e\";i:2;s:1:\"n\";i:3;s:1:\"7\";}', 1724937519),
('captcha_6b8eadeb4bba6dbea080a8d605f770e8', 'a:4:{i:0;s:1:\"2\";i:1;s:1:\"4\";i:2;s:1:\"e\";i:3;s:1:\"m\";}', 1725281068),
('captcha_6bc45687fcdac2e80605f77e6535503e', 'a:4:{i:0;s:1:\"n\";i:1;s:1:\"j\";i:2;s:1:\"t\";i:3;s:1:\"z\";}', 1724932259),
('captcha_6bf2fd0a5b10f17bc6e564bf0b5d2d85', 'a:4:{i:0;s:1:\"m\";i:1;s:1:\"m\";i:2;s:1:\"4\";i:3;s:1:\"f\";}', 1724939319),
('captcha_6c13a343c9059a7c20b06ac390135d6e', 'a:4:{i:0;s:1:\"t\";i:1;s:1:\"r\";i:2;s:1:\"t\";i:3;s:1:\"m\";}', 1725278815),
('captcha_6cf9b72795cae601e13abb3a14855fa6', 'a:4:{i:0;s:1:\"a\";i:1;s:1:\"c\";i:2;s:1:\"y\";i:3;s:1:\"8\";}', 1724918486),
('captcha_6d9797b5a5b64960d481fab6f9fb6140', 'a:4:{i:0;s:1:\"b\";i:1;s:1:\"c\";i:2;s:1:\"3\";i:3;s:1:\"8\";}', 1724931657),
('captcha_6e09cacf007ec25a49ab7f780cb25c5e', 'a:4:{i:0;s:1:\"b\";i:1;s:1:\"g\";i:2;s:1:\"g\";i:3;s:1:\"p\";}', 1724931510),
('captcha_6ee48a9128d022aca9f65fdbdbf37a9e', 'a:4:{i:0;s:1:\"m\";i:1;s:1:\"y\";i:2;s:1:\"a\";i:3;s:1:\"r\";}', 1724933030),
('captcha_6f5348d280efaade292e52622251fc07', 'a:4:{i:0;s:1:\"t\";i:1;s:1:\"q\";i:2;s:1:\"m\";i:3;s:1:\"6\";}', 1725278984),
('captcha_6f94530d35ad20210c66265b21228caf', 'a:4:{i:0;s:1:\"a\";i:1;s:1:\"z\";i:2;s:1:\"y\";i:3;s:1:\"a\";}', 1724934010),
('captcha_6fc5074b2d4238be9dcd3e4c9cd1556e', 'a:4:{i:0;s:1:\"n\";i:1;s:1:\"6\";i:2;s:1:\"p\";i:3;s:1:\"4\";}', 1724937612),
('captcha_70433a6db4a5a1c6df85ab428ae7ea0a', 'a:4:{i:0;s:1:\"q\";i:1;s:1:\"q\";i:2;s:1:\"r\";i:3;s:1:\"c\";}', 1724937927),
('captcha_706f3e3867ae4c366dedf8086ef9009b', 'a:4:{i:0;s:1:\"p\";i:1;s:1:\"q\";i:2;s:1:\"y\";i:3;s:1:\"j\";}', 1724920226),
('captcha_71006e245bd68457dc967b16f02d7f7b', 'a:4:{i:0;s:1:\"h\";i:1;s:1:\"b\";i:2;s:1:\"q\";i:3;s:1:\"x\";}', 1724920129),
('captcha_7117e649c89e6133c06a7c69edacf2c1', 'a:4:{i:0;s:1:\"c\";i:1;s:1:\"e\";i:2;s:1:\"d\";i:3;s:1:\"t\";}', 1724920390),
('captcha_7145859c0da605843c6df4fc908eda61', 'a:4:{i:0;s:1:\"j\";i:1;s:1:\"6\";i:2;s:1:\"r\";i:3;s:1:\"h\";}', 1724925171),
('captcha_71bd2db71ad8f9a8b05af0b7bb2f0c9f', 'a:4:{i:0;s:1:\"f\";i:1;s:1:\"r\";i:2;s:1:\"e\";i:3;s:1:\"q\";}', 1724934097),
('captcha_72237ab000e728f1694e98c4140192ff', 'a:4:{i:0;s:1:\"y\";i:1;s:1:\"8\";i:2;s:1:\"m\";i:3;s:1:\"r\";}', 1724938497),
('captcha_72da3c50a9b758194b57ad5a1fe0d80c', 'a:4:{i:0;s:1:\"t\";i:1;s:1:\"j\";i:2;s:1:\"b\";i:3;s:1:\"c\";}', 1724931353),
('captcha_73d88eeb5dd9bcaac60f198d8a79e658', 'a:4:{i:0;s:1:\"z\";i:1;s:1:\"t\";i:2;s:1:\"x\";i:3;s:1:\"x\";}', 1725281295),
('captcha_73f624755c24fe605dd9a40145bf9931', 'a:4:{i:0;s:1:\"3\";i:1;s:1:\"a\";i:2;s:1:\"m\";i:3;s:1:\"y\";}', 1725279541),
('captcha_7495ac4dbdb29b391656b14354d373da', 'a:4:{i:0;s:1:\"z\";i:1;s:1:\"u\";i:2;s:1:\"7\";i:3;s:1:\"a\";}', 1724928793),
('captcha_74bdf279ae3b701d6d62def124d571af', 's:9:\"23 + 8 = \";', 1724917623),
('captcha_75d75046eeba8b5e49b4253e358e74c3', 'a:4:{i:0;s:1:\"a\";i:1;s:1:\"3\";i:2;s:1:\"r\";i:3;s:1:\"n\";}', 1724931495),
('captcha_769e23a6db32f0467bed8ec44dd76e9b', 'a:4:{i:0;s:1:\"c\";i:1;s:1:\"b\";i:2;s:1:\"d\";i:3;s:1:\"b\";}', 1724933402),
('captcha_76d2b3446e48a89d3e90f52089fad8df', 'a:4:{i:0;s:1:\"6\";i:1;s:1:\"f\";i:2;s:1:\"e\";i:3;s:1:\"d\";}', 1724933641),
('captcha_7764338f1597ba2971ff205e34b70430', 'a:4:{i:0;s:1:\"x\";i:1;s:1:\"a\";i:2;s:1:\"n\";i:3;s:1:\"9\";}', 1724931541),
('captcha_77ed412cda575c315b0ed8932fbc3ab9', 'a:4:{i:0;s:1:\"f\";i:1;s:1:\"b\";i:2;s:1:\"r\";i:3;s:1:\"p\";}', 1724937571),
('captcha_78352bdbfc4daa7bad4d780cd86dbec7', 'a:4:{i:0;s:1:\"9\";i:1;s:1:\"y\";i:2;s:1:\"q\";i:3;s:1:\"9\";}', 1724925265),
('captcha_7838a29e6419c054f2b734a766fe1861', 'a:4:{i:0;s:1:\"q\";i:1;s:1:\"m\";i:2;s:1:\"z\";i:3;s:1:\"u\";}', 1724918547),
('captcha_7874ed417d3777f10c9e0ffbb051a6b0', 'a:4:{i:0;s:1:\"h\";i:1;s:1:\"m\";i:2;s:1:\"7\";i:3;s:1:\"3\";}', 1724918452),
('captcha_78b6c8c08c2e7f00aec1e0c9c8e4e017', 'a:4:{i:0;s:1:\"e\";i:1;s:1:\"t\";i:2;s:1:\"z\";i:3;s:1:\"u\";}', 1724918300),
('captcha_79176134a9917223e87045a3e7e61fec', 'a:4:{i:0;s:1:\"h\";i:1;s:1:\"q\";i:2;s:1:\"2\";i:3;s:1:\"r\";}', 1725278817),
('captcha_792fd102ff286adb2bc51632ba13eed2', 'a:4:{i:0;s:1:\"9\";i:1;s:1:\"e\";i:2;s:1:\"x\";i:3;s:1:\"j\";}', 1724937626),
('captcha_79373a20e1eb3d07cf208fb7ae1f42dc', 'a:4:{i:0;s:1:\"c\";i:1;s:1:\"m\";i:2;s:1:\"e\";i:3;s:1:\"u\";}', 1724918205),
('captcha_79624c7d5cbc360b65ac83024cc05cbb', 'a:4:{i:0;s:1:\"q\";i:1;s:1:\"z\";i:2;s:1:\"r\";i:3;s:1:\"e\";}', 1725278347),
('captcha_7a531e4415c0293491d9e1d5ead35e16', 'a:4:{i:0;s:1:\"y\";i:1;s:1:\"g\";i:2;s:1:\"z\";i:3;s:1:\"p\";}', 1724937590),
('captcha_7a67617b0d053338bd922ffe09935376', 'a:4:{i:0;s:1:\"4\";i:1;s:1:\"e\";i:2;s:1:\"9\";i:3;s:1:\"p\";}', 1725281060),
('captcha_7a847d786d080707f29df6705324c0b5', 'a:4:{i:0;s:1:\"g\";i:1;s:1:\"y\";i:2;s:1:\"t\";i:3;s:1:\"g\";}', 1725011470),
('captcha_7a9edaad3696571b9712465c2921f927', 'a:4:{i:0;s:1:\"e\";i:1;s:1:\"4\";i:2;s:1:\"x\";i:3;s:1:\"j\";}', 1724920632),
('captcha_7aee90db3a79d7ee728670d6e0ba21bf', 'a:4:{i:0;s:1:\"h\";i:1;s:1:\"n\";i:2;s:1:\"4\";i:3;s:1:\"f\";}', 1724929570),
('captcha_7b9120a661c8888e1f8f39d91c609a36', 's:9:\"23 + 9 = \";', 1724917635),
('captcha_7c117ed84fc1bdeb99fa1df04faa1a80', 'a:4:{i:0;s:1:\"q\";i:1;s:1:\"e\";i:2;s:1:\"3\";i:3;s:1:\"t\";}', 1725278919),
('captcha_7cf58f2e1cc41b3fa7af58edd4c8466f', 'a:4:{i:0;s:1:\"j\";i:1;s:1:\"n\";i:2;s:1:\"g\";i:3;s:1:\"e\";}', 1725280801),
('captcha_7d75d5441783bb021b47f3baf02b37ff', 'a:9:{i:0;s:1:\"q\";i:1;s:1:\"j\";i:2;s:1:\"r\";i:3;s:1:\"q\";i:4;s:1:\"z\";i:5;s:1:\"9\";i:6;s:1:\"y\";i:7;s:1:\"8\";i:8;s:1:\"n\";}', 1724394343),
('captcha_7d79b38252c3076aa8ca62248974b87b', 'a:4:{i:0;s:1:\"z\";i:1;s:1:\"b\";i:2;s:1:\"j\";i:3;s:1:\"a\";}', 1724937544),
('captcha_7da6e075c03387495a3c2eeb37801771', 'a:4:{i:0;s:1:\"8\";i:1;s:1:\"u\";i:2;s:1:\"g\";i:3;s:1:\"x\";}', 1724931499),
('captcha_7e2a8dd20383ccca2a8c48aa9c08440a', 'a:4:{i:0;s:1:\"9\";i:1;s:1:\"d\";i:2;s:1:\"t\";i:3;s:1:\"y\";}', 1724929415),
('captcha_7e3290f0169e2580ac6aa8c2c48d606a', 'a:4:{i:0;s:1:\"e\";i:1;s:1:\"a\";i:2;s:1:\"z\";i:3;s:1:\"u\";}', 1724937633),
('captcha_7ea5d2addd1bda606e3d37867454fb16', 'a:4:{i:0;s:1:\"x\";i:1;s:1:\"t\";i:2;s:1:\"j\";i:3;s:1:\"m\";}', 1724937934),
('captcha_7eda6cd6e56e38e7af095f26fc22df7f', 'a:4:{i:0;s:1:\"p\";i:1;s:1:\"f\";i:2;s:1:\"3\";i:3;s:1:\"e\";}', 1724925174),
('captcha_7f96e3d4a987c448fae53f4e04c36854', 'a:4:{i:0;s:1:\"z\";i:1;s:1:\"3\";i:2;s:1:\"f\";i:3;s:1:\"h\";}', 1724933908),
('captcha_801428014ee2ec1fd4980548b70107fc', 'a:4:{i:0;s:1:\"j\";i:1;s:1:\"u\";i:2;s:1:\"c\";i:3;s:1:\"y\";}', 1725280229),
('captcha_804392623446d7c807a17caf1dd7d9b1', 'a:4:{i:0;s:1:\"d\";i:1;s:1:\"c\";i:2;s:1:\"y\";i:3;s:1:\"2\";}', 1725281301),
('captcha_807d0bd14c6417ba40e976e8e31c1315', 'a:4:{i:0;s:1:\"n\";i:1;s:1:\"9\";i:2;s:1:\"a\";i:3;s:1:\"e\";}', 1724934107),
('captcha_812b16c6fb40c21f87f3494e6d4b6f3e', 'a:4:{i:0;s:1:\"n\";i:1;s:1:\"u\";i:2;s:1:\"c\";i:3;s:1:\"t\";}', 1725279348),
('captcha_82b0e5e6e89a6544d1945583d580035a', 'a:4:{i:0;s:1:\"n\";i:1;s:1:\"c\";i:2;s:1:\"r\";i:3;s:1:\"b\";}', 1725279325),
('captcha_833ac68a8174d1523a2c0a49a2dc0563', 'a:4:{i:0;s:1:\"d\";i:1;s:1:\"7\";i:2;s:1:\"n\";i:3;s:1:\"p\";}', 1725276866),
('captcha_8486ecae2bb14a4d8509b93f6119d91b', 'a:4:{i:0;s:1:\"2\";i:1;s:1:\"y\";i:2;s:1:\"p\";i:3;s:1:\"a\";}', 1724937595),
('captcha_8498c2059d65bbeced3cee5135b7b642', 'a:4:{i:0;s:1:\"c\";i:1;s:1:\"u\";i:2;s:1:\"t\";i:3;s:1:\"7\";}', 1725278775),
('captcha_8613fd5ef5001461bced4f850316bc1c', 'a:4:{i:0;s:1:\"r\";i:1;s:1:\"d\";i:2;s:1:\"4\";i:3;s:1:\"8\";}', 1724924804),
('captcha_8705b66dda5b193397213d7600f58991', 'a:4:{i:0;s:1:\"g\";i:1;s:1:\"j\";i:2;s:1:\"3\";i:3;s:1:\"y\";}', 1724934133),
('captcha_872b4fc4f20aedee043ef1a7eee051e0', 'a:4:{i:0;s:1:\"y\";i:1;s:1:\"6\";i:2;s:1:\"3\";i:3;s:1:\"j\";}', 1724938007),
('captcha_87d7dc39346b79207dcbe2da545ceec1', 'a:4:{i:0;s:1:\"a\";i:1;s:1:\"q\";i:2;s:1:\"y\";i:3;s:1:\"y\";}', 1724937924),
('captcha_88ff6d2a33d254d419e78e4e3b8ed857', 'a:4:{i:0;s:1:\"a\";i:1;s:1:\"n\";i:2;s:1:\"z\";i:3;s:1:\"y\";}', 1724925760),
('captcha_894f8f564ab78f209474aba61312c63a', 'a:4:{i:0;s:1:\"3\";i:1;s:1:\"r\";i:2;s:1:\"e\";i:3;s:1:\"z\";}', 1724924794),
('captcha_8950627adca199806d0cf2290b6a0d90', 'a:4:{i:0;s:1:\"x\";i:1;s:1:\"f\";i:2;s:1:\"h\";i:3;s:1:\"2\";}', 1724928801),
('captcha_8a0ef3c20742f1959649a520ee66269b', 'a:4:{i:0;s:1:\"m\";i:1;s:1:\"q\";i:2;s:1:\"h\";i:3;s:1:\"f\";}', 1724918425),
('captcha_8a15c36581b48ccfb8df9dec3e882888', 'a:4:{i:0;s:1:\"q\";i:1;s:1:\"r\";i:2;s:1:\"p\";i:3;s:1:\"y\";}', 1724931355),
('captcha_8a1fd2b2bb69f8817de474a25ca6ad53', 'a:4:{i:0;s:1:\"n\";i:1;s:1:\"e\";i:2;s:1:\"n\";i:3;s:1:\"g\";}', 1724937557),
('captcha_8a3e21f4a5220821a8d3909993e9a301', 'a:4:{i:0;s:1:\"r\";i:1;s:1:\"p\";i:2;s:1:\"u\";i:3;s:1:\"r\";}', 1725281429),
('captcha_8a795794f1a4c4bd102bace014f37167', 'a:4:{i:0;s:1:\"u\";i:1;s:1:\"u\";i:2;s:1:\"9\";i:3;s:1:\"r\";}', 1724919130),
('captcha_8ac5b5622443b476089b4460e4ab0b29', 'a:4:{i:0;s:1:\"n\";i:1;s:1:\"z\";i:2;s:1:\"y\";i:3;s:1:\"x\";}', 1725280211),
('captcha_8ae3db72112786395990821d81b13538', 'a:4:{i:0;s:1:\"r\";i:1;s:1:\"z\";i:2;s:1:\"d\";i:3;s:1:\"a\";}', 1724934149),
('captcha_8c1269f7a5d49fab22becc69145aa806', 'a:4:{i:0;s:1:\"t\";i:1;s:1:\"n\";i:2;s:1:\"a\";i:3;s:1:\"y\";}', 1724935249),
('captcha_8c6495644f7132de519f9c2545f87c14', 'a:4:{i:0;s:1:\"r\";i:1;s:1:\"9\";i:2;s:1:\"u\";i:3;s:1:\"m\";}', 1724931901),
('captcha_8d45f183d4d8b3d87c950d99c91cf6b1', 'a:4:{i:0;s:1:\"r\";i:1;s:1:\"3\";i:2;s:1:\"n\";i:3;s:1:\"y\";}', 1725278794),
('captcha_8d727e269e6248718a38e513a2c42850', 'a:4:{i:0;s:1:\"e\";i:1;s:1:\"e\";i:2;s:1:\"g\";i:3;s:1:\"7\";}', 1724935084),
('captcha_8e2ba8bf02f29c4e19f5f76b9c558c1e', 'a:4:{i:0;s:1:\"q\";i:1;s:1:\"x\";i:2;s:1:\"r\";i:3;s:1:\"b\";}', 1724935080),
('captcha_8e55a788f89eec9efba14c17cca3a1c1', 'a:4:{i:0;s:1:\"p\";i:1;s:1:\"x\";i:2;s:1:\"b\";i:3;s:1:\"d\";}', 1724931348),
('captcha_8ecd415d682cc9a4fe0b6eec7e133390', 'a:4:{i:0;s:1:\"m\";i:1;s:1:\"u\";i:2;s:1:\"y\";i:3;s:1:\"4\";}', 1724934115),
('captcha_8f7ec4bc115492a3b95a4112b617df5a', 'a:4:{i:0;s:1:\"d\";i:1;s:1:\"a\";i:2;s:1:\"9\";i:3;s:1:\"h\";}', 1724937534),
('captcha_8f83fe60a3a607d85588cdc26d411206', 'a:4:{i:0;s:1:\"a\";i:1;s:1:\"c\";i:2;s:1:\"f\";i:3;s:1:\"f\";}', 1724933891),
('captcha_8fce979bff8e6aceaf73570f50609eff', 'a:4:{i:0;s:1:\"b\";i:1;s:1:\"f\";i:2;s:1:\"c\";i:3;s:1:\"d\";}', 1725280504),
('captcha_8ffc1c01996d4fc9f80e98c125101ac3', 'a:4:{i:0;s:1:\"6\";i:1;s:1:\"x\";i:2;s:1:\"m\";i:3;s:1:\"u\";}', 1724929470),
('captcha_910fdff7744dbf2089888560b1341cd9', 'a:4:{i:0;s:1:\"a\";i:1;s:1:\"d\";i:2;s:1:\"q\";i:3;s:1:\"j\";}', 1725280307),
('captcha_91f9e413f15ccf1fc69f1fce75e1c299', 'a:4:{i:0;s:1:\"6\";i:1;s:1:\"j\";i:2;s:1:\"7\";i:3;s:1:\"e\";}', 1724925255),
('captcha_92055d07aa6d6d80f33db45871c9eae0', 'a:4:{i:0;s:1:\"t\";i:1;s:1:\"g\";i:2;s:1:\"t\";i:3;s:1:\"a\";}', 1724920123),
('captcha_92374ba9e248e912e01ceb64bef761a2', 'a:4:{i:0;s:1:\"a\";i:1;s:1:\"a\";i:2;s:1:\"u\";i:3;s:1:\"z\";}', 1724925767),
('captcha_92892eb027a606a41f59c60982f65ffd', 'a:4:{i:0;s:1:\"a\";i:1;s:1:\"d\";i:2;s:1:\"p\";i:3;s:1:\"r\";}', 1724931585),
('captcha_937b2d0fab48fe5c577380f768737075', 'a:4:{i:0;s:1:\"3\";i:1;s:1:\"u\";i:2;s:1:\"z\";i:3;s:1:\"p\";}', 1724931493),
('captcha_93a4678f88b54fed5e8d8ffd3720eb07', 'a:4:{i:0;s:1:\"d\";i:1;s:1:\"f\";i:2;s:1:\"d\";i:3;s:1:\"t\";}', 1724933653),
('captcha_93aa566db912f1122545a814ff41e422', 'a:4:{i:0;s:1:\"4\";i:1;s:1:\"7\";i:2;s:1:\"8\";i:3;s:1:\"2\";}', 1724934852),
('captcha_93e04fbf1663781571e37404b5dcc475', 'a:4:{i:0;s:1:\"h\";i:1;s:1:\"h\";i:2;s:1:\"m\";i:3;s:1:\"p\";}', 1724939652),
('captcha_947384723037a4cb9666cef69c30a86c', 'a:4:{i:0;s:1:\"h\";i:1;s:1:\"q\";i:2;s:1:\"6\";i:3;s:1:\"7\";}', 1724924798),
('captcha_94aa6cc45ec9b692e9505f6411622e56', 'a:4:{i:0;s:1:\"e\";i:1;s:1:\"8\";i:2;s:1:\"m\";i:3;s:1:\"p\";}', 1724939211),
('captcha_94ce4a088355c3179a6bf60ce1ffca07', 'a:4:{i:0;s:1:\"6\";i:1;s:1:\"t\";i:2;s:1:\"r\";i:3;s:1:\"b\";}', 1725281308),
('captcha_9515d2c8f07d57dcdff0b09ebdfd6180', 'a:4:{i:0;s:1:\"b\";i:1;s:1:\"t\";i:2;s:1:\"z\";i:3;s:1:\"t\";}', 1724935093),
('captcha_959c683a2b3d905581c747c7b52feca9', 'a:4:{i:0;s:1:\"m\";i:1;s:1:\"2\";i:2;s:1:\"u\";i:3;s:1:\"b\";}', 1724920335),
('captcha_95b700ae0c09560d089f97c09654d938', 'a:4:{i:0;s:1:\"p\";i:1;s:1:\"c\";i:2;s:1:\"c\";i:3;s:1:\"u\";}', 1724931530),
('captcha_97195a453772f0d0f99f18b5a44e539c', 'a:4:{i:0;s:1:\"j\";i:1;s:1:\"f\";i:2;s:1:\"g\";i:3;s:1:\"n\";}', 1724937996),
('captcha_983f6b4483e141550b6d6e492d96ab85', 'a:4:{i:0;s:1:\"c\";i:1;s:1:\"e\";i:2;s:1:\"a\";i:3;s:1:\"u\";}', 1724937562),
('captcha_984e6992dce4bb8e071b8cea1fb2a8d5', 'a:4:{i:0;s:1:\"y\";i:1;s:1:\"g\";i:2;s:1:\"2\";i:3;s:1:\"9\";}', 1724918260),
('captcha_98601731309cc532c6e371f83e513f0b', 'a:4:{i:0;s:1:\"m\";i:1;s:1:\"y\";i:2;s:1:\"4\";i:3;s:1:\"u\";}', 1725011451),
('captcha_996495beb0d856316183da9b779ed0e9', 'a:4:{i:0;s:1:\"e\";i:1;s:1:\"q\";i:2;s:1:\"f\";i:3;s:1:\"r\";}', 1724938646),
('captcha_99b377c65a49441639ba12ccabe78f91', 'a:4:{i:0;s:1:\"q\";i:1;s:1:\"4\";i:2;s:1:\"f\";i:3;s:1:\"4\";}', 1724939669),
('captcha_9a16eaf8773e3a7bbd4966a29572cba9', 'a:4:{i:0;s:1:\"c\";i:1;s:1:\"u\";i:2;s:1:\"a\";i:3;s:1:\"8\";}', 1724937560),
('captcha_9a1a4cae1a8f807c87768c593537d36c', 'a:4:{i:0;s:1:\"3\";i:1;s:1:\"4\";i:2;s:1:\"2\";i:3;s:1:\"u\";}', 1724939114),
('captcha_9a1e82e7f276ff23bb4946f58a8d6d2e', 'a:4:{i:0;s:1:\"t\";i:1;s:1:\"3\";i:2;s:1:\"h\";i:3;s:1:\"e\";}', 1724933313),
('captcha_9a255580909a0f224cf26e956916bb07', 'a:4:{i:0;s:1:\"u\";i:1;s:1:\"c\";i:2;s:1:\"a\";i:3;s:1:\"b\";}', 1724932564),
('captcha_9a8f0f75f7e9f82fbc6c99493ffcbc1c', 'a:4:{i:0;s:1:\"b\";i:1;s:1:\"h\";i:2;s:1:\"q\";i:3;s:1:\"u\";}', 1724939442),
('captcha_9cec4870d34d748b302b53eeb84b2095', 'a:4:{i:0;s:1:\"h\";i:1;s:1:\"n\";i:2;s:1:\"7\";i:3;s:1:\"f\";}', 1724918518),
('captcha_9d95cc7f5206b8049a376ac58450d743', 'a:4:{i:0;s:1:\"2\";i:1;s:1:\"g\";i:2;s:1:\"b\";i:3;s:1:\"r\";}', 1725281208),
('captcha_9daa70083796b368919f527dde98f27b', 'a:4:{i:0;s:1:\"y\";i:1;s:1:\"j\";i:2;s:1:\"j\";i:3;s:1:\"b\";}', 1724936718),
('captcha_9dfc57f1807ad516a9e75acfb718aac6', 'a:4:{i:0;s:1:\"z\";i:1;s:1:\"y\";i:2;s:1:\"p\";i:3;s:1:\"x\";}', 1724925762),
('captcha_9e03ca2ed62825a83b8a74ddc0cd5c9b', 'a:4:{i:0;s:1:\"n\";i:1;s:1:\"r\";i:2;s:1:\"n\";i:3;s:1:\"j\";}', 1725280456),
('captcha_9f55f22ea0d1a6c3277f36ec48c83a41', 'a:4:{i:0;s:1:\"d\";i:1;s:1:\"8\";i:2;s:1:\"t\";i:3;s:1:\"x\";}', 1724938335),
('captcha_9f9aea6bf4839d4346ae3b0846e8be3b', 'a:4:{i:0;s:1:\"h\";i:1;s:1:\"a\";i:2;s:1:\"8\";i:3;s:1:\"a\";}', 1724931751),
('captcha_9ffeb9f422db73744b9603566e6a6d0f', 's:9:\"11 + 7 = \";', 1724917363),
('captcha_a0123e2763c6fc3a981f82a7e58bfa52', 'a:4:{i:0;s:1:\"a\";i:1;s:1:\"m\";i:2;s:1:\"d\";i:3;s:1:\"n\";}', 1724925752),
('captcha_a0361d16d073fddbf6537e90dc301008', 'a:4:{i:0;s:1:\"t\";i:1;s:1:\"q\";i:2;s:1:\"u\";i:3;s:1:\"r\";}', 1724931487),
('captcha_a0a549cde87d776e53f32456c1d19a4c', 'a:4:{i:0;s:1:\"b\";i:1;s:1:\"t\";i:2;s:1:\"q\";i:3;s:1:\"r\";}', 1724933048),
('captcha_a0e166a03ca97dd712e7497bec3b42cb', 'a:4:{i:0;s:1:\"4\";i:1;s:1:\"a\";i:2;s:1:\"6\";i:3;s:1:\"n\";}', 1724934121),
('captcha_a118ace2eecaade2d1f5a7c78738d01d', 'a:4:{i:0;s:1:\"a\";i:1;s:1:\"j\";i:2;s:1:\"d\";i:3;s:1:\"d\";}', 1725281282),
('captcha_a1b4efe49a406865f23f9255b1abea93', 'a:4:{i:0;s:1:\"j\";i:1;s:1:\"z\";i:2;s:1:\"p\";i:3;s:1:\"4\";}', 1724929470),
('captcha_a1fb00a3cab53e875f75028e61380508', 'a:4:{i:0;s:1:\"4\";i:1;s:1:\"t\";i:2;s:1:\"f\";i:3;s:1:\"g\";}', 1724939300),
('captcha_a2093e851f93e1369c2395230cb1aa41', 'a:4:{i:0;s:1:\"2\";i:1;s:1:\"8\";i:2;s:1:\"m\";i:3;s:1:\"q\";}', 1724924635),
('captcha_a21ee5311277dbb23ad665122ccb2491', 'a:4:{i:0;s:1:\"f\";i:1;s:1:\"m\";i:2;s:1:\"e\";i:3;s:1:\"3\";}', 1724933073),
('captcha_a2de6074a61ec5cf5709ad121d670cee', 'a:4:{i:0;s:1:\"b\";i:1;s:1:\"y\";i:2;s:1:\"9\";i:3;s:1:\"b\";}', 1725281065),
('captcha_a313dd1de0b6cdc33c5cf8fc2fd0c9bb', 'a:4:{i:0;s:1:\"c\";i:1;s:1:\"t\";i:2;s:1:\"u\";i:3;s:1:\"e\";}', 1724932245),
('captcha_a327bdf3d4e759beaffa61acc1c92e10', 'a:4:{i:0;s:1:\"c\";i:1;s:1:\"p\";i:2;s:1:\"c\";i:3;s:1:\"u\";}', 1724931536),
('captcha_a3291812b0cfc34ae3561c48ace8da4f', 'a:4:{i:0;s:1:\"9\";i:1;s:1:\"4\";i:2;s:1:\"h\";i:3;s:1:\"f\";}', 1724925772),
('captcha_a3b561dbe119a03b3e40d625783d7b35', 'a:4:{i:0;s:1:\"m\";i:1;s:1:\"g\";i:2;s:1:\"6\";i:3;s:1:\"4\";}', 1725279006),
('captcha_a3b7a5767c52185551139c630b49f468', 'a:4:{i:0;s:1:\"j\";i:1;s:1:\"c\";i:2;s:1:\"c\";i:3;s:1:\"c\";}', 1724933597),
('captcha_a3ca3c909f67a771b5018c9e999be1fd', 'a:4:{i:0;s:1:\"4\";i:1;s:1:\"2\";i:2;s:1:\"2\";i:3;s:1:\"r\";}', 1724939651),
('captcha_a3e43ff21dd808eb9873c002f5fa62d9', 'a:4:{i:0;s:1:\"d\";i:1;s:1:\"x\";i:2;s:1:\"b\";i:3;s:1:\"e\";}', 1724937620),
('captcha_a594bf9e238498bc0e849dd9f9e8c9f0', 'a:4:{i:0;s:1:\"a\";i:1;s:1:\"4\";i:2;s:1:\"q\";i:3;s:1:\"x\";}', 1724933982),
('captcha_a5b3706fc037f86a5b63879798737ae9', 'a:4:{i:0;s:1:\"j\";i:1;s:1:\"z\";i:2;s:1:\"f\";i:3;s:1:\"f\";}', 1724938479),
('captcha_a60f06e1611e2033fb68699ed26280c7', 'a:4:{i:0;s:1:\"e\";i:1;s:1:\"h\";i:2;s:1:\"x\";i:3;s:1:\"a\";}', 1724933022),
('captcha_a62b55f2a40376e8366eebff090b3514', 'a:4:{i:0;s:1:\"a\";i:1;s:1:\"b\";i:2;s:1:\"4\";i:3;s:1:\"a\";}', 1724931502),
('captcha_a90f9ed1f7836729f7d3d68149a3606e', 'a:4:{i:0;s:1:\"y\";i:1;s:1:\"u\";i:2;s:1:\"b\";i:3;s:1:\"e\";}', 1724920136),
('captcha_a925fdf4f6280ed9428e7e5dca6d572a', 'a:4:{i:0;s:1:\"h\";i:1;s:1:\"h\";i:2;s:1:\"r\";i:3;s:1:\"b\";}', 1724930792),
('captcha_a9f230b5fe804ed3fa670acaf4ac7b4a', 'a:4:{i:0;s:1:\"j\";i:1;s:1:\"q\";i:2;s:1:\"t\";i:3;s:1:\"c\";}', 1724920377),
('captcha_aaea3faf6b779a1c5fc74347f360c7ba', 'a:4:{i:0;s:1:\"h\";i:1;s:1:\"j\";i:2;s:1:\"x\";i:3;s:1:\"r\";}', 1724933648),
('captcha_ab4e8dbdd52a9d9e2426d54d52c25a25', 's:9:\"28 + 1 = \";', 1724917298),
('captcha_acf2e0e6d8b87c291eb1532b74e8defe', 'a:4:{i:0;s:1:\"u\";i:1;s:1:\"p\";i:2;s:1:\"e\";i:3;s:1:\"t\";}', 1724936860),
('captcha_ad0ca11e18f91102dce4ddb535d3b996', 'a:4:{i:0;s:1:\"t\";i:1;s:1:\"b\";i:2;s:1:\"p\";i:3;s:1:\"4\";}', 1724920374),
('captcha_ad2185e20954b7722cadb42a44452b10', 'a:4:{i:0;s:1:\"6\";i:1;s:1:\"e\";i:2;s:1:\"d\";i:3;s:1:\"f\";}', 1725341219),
('captcha_ad2ed6fc750f78f20e70bd054381e188', 'a:4:{i:0;s:1:\"7\";i:1;s:1:\"u\";i:2;s:1:\"8\";i:3;s:1:\"a\";}', 1724925183),
('captcha_ad50094123750f6a51bbf286334c53b3', 'a:4:{i:0;s:1:\"f\";i:1;s:1:\"3\";i:2;s:1:\"y\";i:3;s:1:\"d\";}', 1724931482),
('captcha_ad6106fcc9da6b80f3e67c8b4c1e3458', 'a:4:{i:0;s:1:\"y\";i:1;s:1:\"a\";i:2;s:1:\"p\";i:3;s:1:\"7\";}', 1724918496),
('captcha_adbd29f24127c4ccafd51f99ef9cae3a', 's:9:\"12 + 7 = \";', 1724917511),
('captcha_add1575e34ec90e0febcdad27cc3be25', 'a:4:{i:0;s:1:\"g\";i:1;s:1:\"a\";i:2;s:1:\"g\";i:3;s:1:\"x\";}', 1724925183),
('captcha_ae5360537d53c8dba427f26225e818b5', 'a:4:{i:0;s:1:\"f\";i:1;s:1:\"n\";i:2;s:1:\"8\";i:3;s:1:\"p\";}', 1724920409),
('captcha_ae86629042ea1e610f91a4e61205880f', 'a:9:{i:0;s:1:\"j\";i:1;s:1:\"x\";i:2;s:1:\"f\";i:3;s:1:\"h\";i:4;s:1:\"e\";i:5;s:1:\"m\";i:6;s:1:\"u\";i:7;s:1:\"r\";i:8;s:1:\"r\";}', 1724394694),
('captcha_aeea4eb369884f3898c6ee7814ca38e4', 's:9:\"20 + 4 = \";', 1724917631),
('captcha_af41caac734cb1cf8659635e78274e4e', 'a:9:{i:0;s:1:\"f\";i:1;s:1:\"p\";i:2;s:1:\"c\";i:3;s:1:\"z\";i:4;s:1:\"t\";i:5;s:1:\"f\";i:6;s:1:\"2\";i:7;s:1:\"x\";i:8;s:1:\"z\";}', 1724394954),
('captcha_b012e5a602c05eb86a35f5f9b3a0573b', 'a:4:{i:0;s:1:\"q\";i:1;s:1:\"t\";i:2;s:1:\"d\";i:3;s:1:\"c\";}', 1724935259),
('captcha_b072fced781d1aa77866ece2a30ab718', 'a:4:{i:0;s:1:\"t\";i:1;s:1:\"z\";i:2;s:1:\"a\";i:3;s:1:\"3\";}', 1724933078),
('captcha_b0ca9b1dff7edb9bf0679c695ef146d3', 'a:4:{i:0;s:1:\"u\";i:1;s:1:\"d\";i:2;s:1:\"j\";i:3;s:1:\"y\";}', 1724935294),
('captcha_b170ecc0f75c09f9a54ca2870b503d62', 'a:4:{i:0;s:1:\"n\";i:1;s:1:\"n\";i:2;s:1:\"r\";i:3;s:1:\"q\";}', 1724931359),
('captcha_b1cd72a82c4aa153d6a21d4d86cd3a8c', 'a:4:{i:0;s:1:\"b\";i:1;s:1:\"y\";i:2;s:1:\"u\";i:3;s:1:\"b\";}', 1725281523),
('captcha_b22a72573344554251e100ed44fa3f07', 'a:4:{i:0;s:1:\"e\";i:1;s:1:\"t\";i:2;s:1:\"j\";i:3;s:1:\"y\";}', 1724919719),
('captcha_b2c5275347bd75a0114ffae1adcdc916', 'a:4:{i:0;s:1:\"z\";i:1;s:1:\"z\";i:2;s:1:\"g\";i:3;s:1:\"b\";}', 1724938500),
('captcha_b2fe08b11b302dca5cf0a3b7cbf47680', 'a:4:{i:0;s:1:\"y\";i:1;s:1:\"b\";i:2;s:1:\"x\";i:3;s:1:\"9\";}', 1724920472),
('captcha_b4ee05b80134601497dc2fabbdf90cde', 'a:4:{i:0;s:1:\"f\";i:1;s:1:\"g\";i:2;s:1:\"y\";i:3;s:1:\"j\";}', 1724932241),
('captcha_b4f2f06a711d0555f195df49b16c1034', 'a:4:{i:0;s:1:\"g\";i:1;s:1:\"r\";i:2;s:1:\"n\";i:3;s:1:\"a\";}', 1724927671),
('captcha_b50e939ec05322bbb320ea2ea2427ac5', 'a:4:{i:0;s:1:\"g\";i:1;s:1:\"y\";i:2;s:1:\"3\";i:3;s:1:\"b\";}', 1724925688),
('captcha_b5c52c990f3c35be178f9bbacedb61d2', 'a:4:{i:0;s:1:\"z\";i:1;s:1:\"y\";i:2;s:1:\"b\";i:3;s:1:\"j\";}', 1724925166),
('captcha_b637c08039284ebc2abb17261b743091', 'a:4:{i:0;s:1:\"e\";i:1;s:1:\"x\";i:2;s:1:\"b\";i:3;s:1:\"a\";}', 1724934101),
('captcha_b67847e94f23da7348a260c89654e4a6', 's:9:\"28 + 2 = \";', 1724917631),
('captcha_b7991ad4eda3ed741fda67615374177b', 'a:4:{i:0;s:1:\"j\";i:1;s:1:\"2\";i:2;s:1:\"u\";i:3;s:1:\"b\";}', 1724938440),
('captcha_b91a37049ee325a368c0233aa1c0ab1d', 'a:4:{i:0;s:1:\"2\";i:1;s:1:\"d\";i:2;s:1:\"j\";i:3;s:1:\"p\";}', 1724920314),
('captcha_ba233abf578c575ff5b8c332039adb40', 'a:4:{i:0;s:1:\"g\";i:1;s:1:\"8\";i:2;s:1:\"m\";i:3;s:1:\"f\";}', 1724924882),
('captcha_bb22113b36e3683d9e18f69d67fad7dc', 'a:4:{i:0;s:1:\"m\";i:1;s:1:\"p\";i:2;s:1:\"j\";i:3;s:1:\"e\";}', 1724924824),
('captcha_bb4934ad1c329f8d5c5ab58c9ac69233', 'a:4:{i:0;s:1:\"q\";i:1;s:1:\"2\";i:2;s:1:\"p\";i:3;s:1:\"u\";}', 1724938059),
('captcha_bbc8959c05029637c24ecb1ec29a20d7', 'a:4:{i:0;s:1:\"x\";i:1;s:1:\"t\";i:2;s:1:\"x\";i:3;s:1:\"b\";}', 1725280642),
('captcha_bbd9ae8e5883d615d28176adef9bdbf8', 'a:4:{i:0;s:1:\"b\";i:1;s:1:\"r\";i:2;s:1:\"m\";i:3;s:1:\"a\";}', 1724929565),
('captcha_bd12332521e4ad4b245ce900eedd07dd', 'a:4:{i:0;s:1:\"y\";i:1;s:1:\"m\";i:2;s:1:\"n\";i:3;s:1:\"y\";}', 1724920312),
('captcha_be7b7bd0280af76755e61a104b371177', 'a:4:{i:0;s:1:\"t\";i:1;s:1:\"u\";i:2;s:1:\"q\";i:3;s:1:\"q\";}', 1724931359),
('captcha_c02947fb50897cdcb9dc077aa2651d09', 'a:4:{i:0;s:1:\"f\";i:1;s:1:\"j\";i:2;s:1:\"q\";i:3;s:1:\"a\";}', 1725280818),
('captcha_c031dc2eb6c9808e3e7560749323cd2c', 'a:4:{i:0;s:1:\"y\";i:1;s:1:\"x\";i:2;s:1:\"y\";i:3;s:1:\"3\";}', 1724938890),
('captcha_c0cf1d503fb2a9ad10140262edbc888e', 'a:4:{i:0;s:1:\"y\";i:1;s:1:\"b\";i:2;s:1:\"2\";i:3;s:1:\"z\";}', 1724933026),
('captcha_c1788e7f1ed8314e0a306baf71b65e56', 'a:4:{i:0;s:1:\"t\";i:1;s:1:\"g\";i:2;s:1:\"j\";i:3;s:1:\"d\";}', 1725280853),
('captcha_c2f3dcd60349dbb0c41bdace7865ec44', 'a:4:{i:0;s:1:\"z\";i:1;s:1:\"n\";i:2;s:1:\"c\";i:3;s:1:\"n\";}', 1724917960),
('captcha_c33fb4dc77e973e9d4bf8742fe93fc97', 'a:4:{i:0;s:1:\"q\";i:1;s:1:\"a\";i:2;s:1:\"a\";i:3;s:1:\"r\";}', 1725280492),
('captcha_c3ddaf9bf73d7723cf3fcf7deb019190', 'a:4:{i:0;s:1:\"b\";i:1;s:1:\"b\";i:2;s:1:\"n\";i:3;s:1:\"e\";}', 1724917977),
('captcha_c442db3550201a887b4e3ff840261d81', 'a:4:{i:0;s:1:\"x\";i:1;s:1:\"c\";i:2;s:1:\"g\";i:3;s:1:\"7\";}', 1725281460),
('captcha_c49ca9ea848c3bb8122286b3dd975d25', 'a:9:{i:0;s:1:\"a\";i:1;s:1:\"2\";i:2;s:1:\"x\";i:3;s:1:\"r\";i:4;s:1:\"q\";i:5;s:1:\"a\";i:6;s:1:\"q\";i:7;s:1:\"6\";i:8;s:1:\"c\";}', 1724394764),
('captcha_c4dde6c8c5ddd4686fd024755eb27072', 'a:4:{i:0;s:1:\"z\";i:1;s:1:\"r\";i:2;s:1:\"e\";i:3;s:1:\"p\";}', 1724918497),
('captcha_c55f9db1102c3fbb1539c300a8d159ec', 'a:4:{i:0;s:1:\"g\";i:1;s:1:\"c\";i:2;s:1:\"x\";i:3;s:1:\"j\";}', 1724937601),
('captcha_c5abdd02bf6f339b6b61b45c6f6dc5a7', 'a:9:{i:0;s:1:\"3\";i:1;s:1:\"4\";i:2;s:1:\"n\";i:3;s:1:\"j\";i:4;s:1:\"a\";i:5;s:1:\"h\";i:6;s:1:\"9\";i:7;s:1:\"x\";i:8;s:1:\"7\";}', 1724394235),
('captcha_c5b035f49f199a0d54755742468305b5', 'a:4:{i:0;s:1:\"y\";i:1;s:1:\"z\";i:2;s:1:\"c\";i:3;s:1:\"8\";}', 1725281249),
('captcha_c64de7e951226393a3aac0b5d4a94d79', 'a:4:{i:0;s:1:\"r\";i:1;s:1:\"r\";i:2;s:1:\"e\";i:3;s:1:\"p\";}', 1725278826),
('captcha_c6af51c8d3e68b53a6dcc30de3570f9d', 'a:4:{i:0;s:1:\"u\";i:1;s:1:\"z\";i:2;s:1:\"b\";i:3;s:1:\"m\";}', 1724932913),
('captcha_c7002d237a100a95cd98096102d2950e', 'a:4:{i:0;s:1:\"7\";i:1;s:1:\"8\";i:2;s:1:\"n\";i:3;s:1:\"r\";}', 1724918325),
('captcha_c76801f40ffba38d97436672572e895f', 'a:4:{i:0;s:1:\"2\";i:1;s:1:\"z\";i:2;s:1:\"y\";i:3;s:1:\"c\";}', 1724925186),
('captcha_c77c1cb395a8c1ddc7270e723de26edb', 'a:4:{i:0;s:1:\"u\";i:1;s:1:\"p\";i:2;s:1:\"f\";i:3;s:1:\"r\";}', 1725281487),
('captcha_c77fdc166fa72256b347a132181daa73', 'a:4:{i:0;s:1:\"u\";i:1;s:1:\"f\";i:2;s:1:\"r\";i:3;s:1:\"r\";}', 1724938942),
('captcha_c79c2ecba4e66efbf98611c26545f16a', 'a:4:{i:0;s:1:\"p\";i:1;s:1:\"y\";i:2;s:1:\"h\";i:3;s:1:\"x\";}', 1725280863),
('captcha_c7b54c7be80f341d90dc47f8167bbe6e', 'a:4:{i:0;s:1:\"q\";i:1;s:1:\"a\";i:2;s:1:\"y\";i:3;s:1:\"j\";}', 1724931510),
('captcha_c7e4757c5f507894eaa714889a666b7b', 'a:4:{i:0;s:1:\"e\";i:1;s:1:\"n\";i:2;s:1:\"z\";i:3;s:1:\"n\";}', 1724937937);
INSERT INTO `cache` (`key`, `value`, `expiration`) VALUES
('captcha_c9981df240da71fc5dcc1e4d73c03b4e', 'a:4:{i:0;s:1:\"y\";i:1;s:1:\"t\";i:2;s:1:\"y\";i:3;s:1:\"g\";}', 1724931544),
('captcha_ca195a5b86076898b6889455e8067f5a', 'a:4:{i:0;s:1:\"z\";i:1;s:1:\"x\";i:2;s:1:\"m\";i:3;s:1:\"j\";}', 1725264410),
('captcha_caa2bc553c5254db9d3cdf8c1d467379', 'a:4:{i:0;s:1:\"7\";i:1;s:1:\"c\";i:2;s:1:\"n\";i:3;s:1:\"7\";}', 1724925181),
('captcha_cc21e1baea596919d5fc79f00b40b13e', 'a:4:{i:0;s:1:\"7\";i:1;s:1:\"q\";i:2;s:1:\"n\";i:3;s:1:\"6\";}', 1724936916),
('captcha_cc5edb39a166f9bab443a08fe8f77e8f', 'a:4:{i:0;s:1:\"b\";i:1;s:1:\"j\";i:2;s:1:\"d\";i:3;s:1:\"r\";}', 1725281275),
('captcha_cd41558bd5343d45e50d0d28368617a6', 'a:4:{i:0;s:1:\"x\";i:1;s:1:\"x\";i:2;s:1:\"c\";i:3;s:1:\"r\";}', 1724998394),
('captcha_cd466e4621f267c683a722d307106069', 'a:4:{i:0;s:1:\"m\";i:1;s:1:\"j\";i:2;s:1:\"u\";i:3;s:1:\"g\";}', 1725279332),
('captcha_cd5ed8749565a9663d330b66420b2d7d', 'a:4:{i:0;s:1:\"2\";i:1;s:1:\"2\";i:2;s:1:\"a\";i:3;s:1:\"g\";}', 1724931738),
('captcha_cd851bbb4f4988b5d4f88552d08e21ce', 'a:4:{i:0;s:1:\"f\";i:1;s:1:\"z\";i:2;s:1:\"z\";i:3;s:1:\"a\";}', 1725279001),
('captcha_cd885b96317233d1da2ff6bdabf67143', 'a:4:{i:0;s:1:\"d\";i:1;s:1:\"m\";i:2;s:1:\"f\";i:3;s:1:\"e\";}', 1725279463),
('captcha_ce1777ef712d9f9d7ea107f22807a9f1', 'a:4:{i:0;s:1:\"f\";i:1;s:1:\"d\";i:2;s:1:\"7\";i:3;s:1:\"c\";}', 1725278521),
('captcha_ce74f9e648ad0cbc4ab86fcc522ffa13', 'a:4:{i:0;s:1:\"j\";i:1;s:1:\"z\";i:2;s:1:\"n\";i:3;s:1:\"e\";}', 1724937598),
('captcha_cf16a315b776e0f2a9f5a2b0b0658d11', 'a:4:{i:0;s:1:\"u\";i:1;s:1:\"z\";i:2;s:1:\"h\";i:3;s:1:\"p\";}', 1725281532),
('captcha_cf66d302fe5c09668c3a76c0cdaf009a', 'a:4:{i:0;s:1:\"g\";i:1;s:1:\"m\";i:2;s:1:\"t\";i:3;s:1:\"x\";}', 1724939333),
('captcha_cfe73c6c242e279d61391b180f4d81af', 'a:4:{i:0;s:1:\"r\";i:1;s:1:\"c\";i:2;s:1:\"p\";i:3;s:1:\"9\";}', 1725281505),
('captcha_d00b8a7abe177125b392192428f60b2e', 'a:4:{i:0;s:1:\"a\";i:1;s:1:\"z\";i:2;s:1:\"r\";i:3;s:1:\"p\";}', 1724939555),
('captcha_d079807e66ed5bc1ddaba3a3abba5bd4', 'a:4:{i:0;s:1:\"9\";i:1;s:1:\"d\";i:2;s:1:\"g\";i:3;s:1:\"g\";}', 1724920283),
('captcha_d12b802910b210ce0a64200fee3843f0', 's:9:\"22 + 7 = \";', 1724917315),
('captcha_d159720db8a06eb8f876c2e894a15bc3', 'a:4:{i:0;s:1:\"m\";i:1;s:1:\"u\";i:2;s:1:\"t\";i:3;s:1:\"j\";}', 1724939536),
('captcha_d174df7265419a978629b8f43b6ed01c', 'a:4:{i:0;s:1:\"y\";i:1;s:1:\"j\";i:2;s:1:\"m\";i:3;s:1:\"a\";}', 1725278923),
('captcha_d22efc14245ddffb78e315084ab077d9', 'a:4:{i:0;s:1:\"6\";i:1;s:1:\"y\";i:2;s:1:\"e\";i:3;s:1:\"n\";}', 1724937521),
('captcha_d272e62150a69a0a4e2a5e3f54f64db8', 'a:4:{i:0;s:1:\"8\";i:1;s:1:\"p\";i:2;s:1:\"q\";i:3;s:1:\"t\";}', 1725008002),
('captcha_d2853acca633bf7abfd44bdf17de1d30', 'a:4:{i:0;s:1:\"m\";i:1;s:1:\"2\";i:2;s:1:\"t\";i:3;s:1:\"j\";}', 1724939671),
('captcha_d2cdd7e27d3c2682f8891c340ac5b459', 'a:9:{i:0;s:1:\"a\";i:1;s:1:\"3\";i:2;s:1:\"e\";i:3;s:1:\"h\";i:4;s:1:\"u\";i:5;s:1:\"r\";i:6;s:1:\"u\";i:7;s:1:\"m\";i:8;s:1:\"z\";}', 1724395581),
('captcha_d36718a132b0dda0413759871d50d5a1', 'a:4:{i:0;s:1:\"8\";i:1;s:1:\"h\";i:2;s:1:\"3\";i:3;s:1:\"p\";}', 1725281279),
('captcha_d3c9e1ce167b88497003bae4e1e077f7', 'a:4:{i:0;s:1:\"g\";i:1;s:1:\"d\";i:2;s:1:\"y\";i:3;s:1:\"n\";}', 1724938952),
('captcha_d3ded5317dc5d8efdbc89916aeca107f', 'a:4:{i:0;s:1:\"c\";i:1;s:1:\"8\";i:2;s:1:\"h\";i:3;s:1:\"p\";}', 1724930792),
('captcha_d46fcbeecee92b298e7dc51acf4502b2', 'a:9:{i:0;s:1:\"z\";i:1;s:1:\"m\";i:2;s:1:\"z\";i:3;s:1:\"h\";i:4;s:1:\"6\";i:5;s:1:\"d\";i:6;s:1:\"y\";i:7;s:1:\"4\";i:8;s:1:\"d\";}', 1724394965),
('captcha_d47b2c2a2f3e5de9d5266885e4af293b', 'a:4:{i:0;s:1:\"a\";i:1;s:1:\"h\";i:2;s:1:\"n\";i:3;s:1:\"m\";}', 1724928841),
('captcha_d47cbf4e68d9de3a7fadb3d45c783d80', 'a:4:{i:0;s:1:\"8\";i:1;s:1:\"x\";i:2;s:1:\"7\";i:3;s:1:\"e\";}', 1724933554),
('captcha_d482d0d0bb3c5a4bfef153655da0959c', 'a:4:{i:0;s:1:\"p\";i:1;s:1:\"e\";i:2;s:1:\"2\";i:3;s:1:\"h\";}', 1724918507),
('captcha_d534b228d8455bf809ec82f1869ec494', 'a:4:{i:0;s:1:\"c\";i:1;s:1:\"6\";i:2;s:1:\"r\";i:3;s:1:\"t\";}', 1724925171),
('captcha_d584cc5d4ac4aade3bb5cab50c9a961b', 'a:4:{i:0;s:1:\"6\";i:1;s:1:\"6\";i:2;s:1:\"x\";i:3;s:1:\"h\";}', 1724931488),
('captcha_d61e2d6160a5696b62ad0d2b2b3c939e', 'a:4:{i:0;s:1:\"g\";i:1;s:1:\"y\";i:2;s:1:\"t\";i:3;s:1:\"c\";}', 1724924874),
('captcha_d63a2087ca9cb8b70cdfce82ee10a27f', 'a:4:{i:0;s:1:\"t\";i:1;s:1:\"a\";i:2;s:1:\"e\";i:3;s:1:\"j\";}', 1725274789),
('captcha_d63ff9d14a0f01322f983ad974fc4429', 'a:4:{i:0;s:1:\"n\";i:1;s:1:\"x\";i:2;s:1:\"u\";i:3;s:1:\"y\";}', 1724938889),
('captcha_d677610b91a972f6cadb06f760561793', 'a:4:{i:0;s:1:\"7\";i:1;s:1:\"z\";i:2;s:1:\"t\";i:3;s:1:\"3\";}', 1724920384),
('captcha_d70e1071b988512a0da307438522a0fe', 'a:4:{i:0;s:1:\"a\";i:1;s:1:\"x\";i:2;s:1:\"z\";i:3;s:1:\"p\";}', 1725280427),
('captcha_d723a059c0043be5439afc4874e96d77', 'a:4:{i:0;s:1:\"2\";i:1;s:1:\"f\";i:2;s:1:\"h\";i:3;s:1:\"a\";}', 1724939084),
('captcha_d802b6d83c920b82d453e7f94f0864fa', 'a:4:{i:0;s:1:\"7\";i:1;s:1:\"y\";i:2;s:1:\"m\";i:3;s:1:\"b\";}', 1725279753),
('captcha_d86d3c3e00bc3a39ecfe868a34e7f136', 'a:4:{i:0;s:1:\"z\";i:1;s:1:\"p\";i:2;s:1:\"f\";i:3;s:1:\"a\";}', 1724934120),
('captcha_da106a7d6f36805fa417f8e319d8e427', 'a:4:{i:0;s:1:\"p\";i:1;s:1:\"h\";i:2;s:1:\"q\";i:3;s:1:\"p\";}', 1724926756),
('captcha_da13f4c88223efef0213310d969ca069', 'a:4:{i:0;s:1:\"b\";i:1;s:1:\"j\";i:2;s:1:\"n\";i:3;s:1:\"a\";}', 1725280496),
('captcha_db4d92520de75f0bffd089c08d37bb3c', 'a:4:{i:0;s:1:\"t\";i:1;s:1:\"3\";i:2;s:1:\"m\";i:3;s:1:\"d\";}', 1725281398),
('captcha_dd04fb705e65c10564276f218c98307b', 'a:4:{i:0;s:1:\"n\";i:1;s:1:\"p\";i:2;s:1:\"b\";i:3;s:1:\"f\";}', 1725279770),
('captcha_dd0931aa2972cffaf2ddfa5d1779b85c', 'a:4:{i:0;s:1:\"a\";i:1;s:1:\"z\";i:2;s:1:\"4\";i:3;s:1:\"j\";}', 1724939555),
('captcha_dd481fad44983caf1a74bfa169f887bf', 'a:4:{i:0;s:1:\"6\";i:1;s:1:\"c\";i:2;s:1:\"e\";i:3;s:1:\"b\";}', 1724925758),
('captcha_dd966a493ae92cd277604716bb9b4909', 'a:4:{i:0;s:1:\"q\";i:1;s:1:\"g\";i:2;s:1:\"6\";i:3;s:1:\"z\";}', 1724937610),
('captcha_ddc745a26387f0d347c603e9a7d190ce', 'a:4:{i:0;s:1:\"t\";i:1;s:1:\"h\";i:2;s:1:\"j\";i:3;s:1:\"c\";}', 1725281174),
('captcha_de484618b2f40ddea09f1c3489c89975', 'a:4:{i:0;s:1:\"n\";i:1;s:1:\"e\";i:2;s:1:\"q\";i:3;s:1:\"q\";}', 1725281287),
('captcha_de9d31aa166fd8181a7842b69e573ee0', 'a:4:{i:0;s:1:\"q\";i:1;s:1:\"r\";i:2;s:1:\"u\";i:3;s:1:\"6\";}', 1724933034),
('captcha_df675a49b3c4fa24faa534f733b0597b', 'a:4:{i:0;s:1:\"d\";i:1;s:1:\"y\";i:2;s:1:\"g\";i:3;s:1:\"a\";}', 1724934146),
('captcha_dff38df2f572c2926c820452188b2e8c', 'a:4:{i:0;s:1:\"x\";i:1;s:1:\"t\";i:2;s:1:\"2\";i:3;s:1:\"x\";}', 1725011452),
('captcha_e0ed3ba2e59b138c650ab8d1da15cc83', 'a:4:{i:0;s:1:\"q\";i:1;s:1:\"e\";i:2;s:1:\"3\";i:3;s:1:\"m\";}', 1724938462),
('captcha_e1340ced22bbfad5d9f0c497b0e9f1cd', 'a:4:{i:0;s:1:\"m\";i:1;s:1:\"g\";i:2;s:1:\"n\";i:3;s:1:\"b\";}', 1724933835),
('captcha_e18070e59bc0669fe54cf943d013cfb0', 'a:4:{i:0;s:1:\"h\";i:1;s:1:\"g\";i:2;s:1:\"4\";i:3;s:1:\"j\";}', 1725278796),
('captcha_e185c9eed367bb8d4a76626ff888bcd3', 'a:4:{i:0;s:1:\"a\";i:1;s:1:\"r\";i:2;s:1:\"n\";i:3;s:1:\"n\";}', 1724933645),
('captcha_e1ae905faa7c764f8448d204b6c4ec8a', 'a:4:{i:0;s:1:\"e\";i:1;s:1:\"c\";i:2;s:1:\"b\";i:3;s:1:\"g\";}', 1724927384),
('captcha_e1fa2be4b0e827ab636c18f625012f84', 'a:4:{i:0;s:1:\"b\";i:1;s:1:\"9\";i:2;s:1:\"f\";i:3;s:1:\"j\";}', 1724931544),
('captcha_e21b01741a3fa980f3254ac257fa8dd2', 'a:4:{i:0;s:1:\"y\";i:1;s:1:\"b\";i:2;s:1:\"6\";i:3;s:1:\"p\";}', 1724919962),
('captcha_e2396c8e289c211f6ea4d0f1225d14ce', 'a:4:{i:0;s:1:\"u\";i:1;s:1:\"6\";i:2;s:1:\"h\";i:3;s:1:\"x\";}', 1724934915),
('captcha_e2570fa47e4337c8bd09e331465eb307', 'a:4:{i:0;s:1:\"z\";i:1;s:1:\"r\";i:2;s:1:\"b\";i:3;s:1:\"y\";}', 1724925181),
('captcha_e35f45dcc9e389a0807763abd70becbc', 'a:4:{i:0;s:1:\"g\";i:1;s:1:\"t\";i:2;s:1:\"r\";i:3;s:1:\"f\";}', 1725264373),
('captcha_e422d4772573bdc2ad841ea904e2fd6d', 'a:4:{i:0;s:1:\"z\";i:1;s:1:\"n\";i:2;s:1:\"c\";i:3;s:1:\"r\";}', 1724938421),
('captcha_e453b7f2471abbaf93e33a258fb0d1a1', 'a:4:{i:0;s:1:\"m\";i:1;s:1:\"d\";i:2;s:1:\"h\";i:3;s:1:\"9\";}', 1724929564),
('captcha_e45bd7fb90c8ab67c0615c1b845522b2', 's:9:\"19 + 4 = \";', 1724917636),
('captcha_e483a8634043d81e6b9c1400d7379edd', 'a:4:{i:0;s:1:\"g\";i:1;s:1:\"y\";i:2;s:1:\"j\";i:3;s:1:\"2\";}', 1725279782),
('captcha_e80ddee7bf8173c3a4ae31c23118ae67', 'a:4:{i:0;s:1:\"u\";i:1;s:1:\"j\";i:2;s:1:\"z\";i:3;s:1:\"8\";}', 1724920693),
('captcha_e81e37f0851e5f8df42681ce9959ecad', 'a:4:{i:0;s:1:\"g\";i:1;s:1:\"n\";i:2;s:1:\"c\";i:3;s:1:\"p\";}', 1724928806),
('captcha_ea3b1e6e5400b41268e22323dc8bc6f4', 'a:4:{i:0;s:1:\"z\";i:1;s:1:\"g\";i:2;s:1:\"6\";i:3;s:1:\"h\";}', 1725279556),
('captcha_ea6619274de7a144c16490f711ae926d', 'a:4:{i:0;s:1:\"r\";i:1;s:1:\"e\";i:2;s:1:\"m\";i:3;s:1:\"6\";}', 1724939441),
('captcha_ea6ee6d68e6aae2842c3565ed7dd2889', 'a:4:{i:0;s:1:\"p\";i:1;s:1:\"f\";i:2;s:1:\"y\";i:3;s:1:\"c\";}', 1724933661),
('captcha_eaf3f6561c93b83a49b3d8dad660b377', 'a:4:{i:0;s:1:\"4\";i:1;s:1:\"d\";i:2;s:1:\"p\";i:3;s:1:\"u\";}', 1724933550),
('captcha_eb2708e866c577f8ee71559d2a7b819a', 'a:4:{i:0;s:1:\"e\";i:1;s:1:\"z\";i:2;s:1:\"q\";i:3;s:1:\"c\";}', 1724938169),
('captcha_eb29f0fea83c9e6832f8a1fb4d90f2f5', 'a:4:{i:0;s:1:\"4\";i:1;s:1:\"e\";i:2;s:1:\"u\";i:3;s:1:\"2\";}', 1724918177),
('captcha_eb9deebc062645759de77cc3ded3f027', 'a:4:{i:0;s:1:\"q\";i:1;s:1:\"6\";i:2;s:1:\"y\";i:3;s:1:\"q\";}', 1724928402),
('captcha_ebb41911890394243373227b2122f5bc', 'a:4:{i:0;s:1:\"9\";i:1;s:1:\"9\";i:2;s:1:\"u\";i:3;s:1:\"e\";}', 1725002465),
('captcha_ec147e319664b912f959183697f6626f', 'a:4:{i:0;s:1:\"r\";i:1;s:1:\"z\";i:2;s:1:\"q\";i:3;s:1:\"a\";}', 1725278812),
('captcha_ed188e9e0990044b940222ab1aa690c4', 'a:4:{i:0;s:1:\"y\";i:1;s:1:\"u\";i:2;s:1:\"r\";i:3;s:1:\"h\";}', 1724931496),
('captcha_ed3f964da8476bfa08396e9761d831c3', 'a:4:{i:0;s:1:\"m\";i:1;s:1:\"t\";i:2;s:1:\"g\";i:3;s:1:\"d\";}', 1724925765),
('captcha_ed5265a93b9c32c9bc7ffc9b7a07d47d', 'a:4:{i:0;s:1:\"j\";i:1;s:1:\"z\";i:2;s:1:\"y\";i:3;s:1:\"n\";}', 1724933839),
('captcha_ed90b0a5ba4bb12579ca3e188f7861f6', 'a:4:{i:0;s:1:\"g\";i:1;s:1:\"b\";i:2;s:1:\"z\";i:3;s:1:\"e\";}', 1724937630),
('captcha_eecf3ea11a6f85a2e451d99d10b37a3c', 'a:4:{i:0;s:1:\"m\";i:1;s:1:\"u\";i:2;s:1:\"g\";i:3;s:1:\"m\";}', 1725279786),
('captcha_efbae01661a1fa5c6984d6c3b8e565fd', 'a:4:{i:0;s:1:\"c\";i:1;s:1:\"n\";i:2;s:1:\"p\";i:3;s:1:\"c\";}', 1724934128),
('captcha_efebe7c919bc62486128c71f25daa0e9', 'a:4:{i:0;s:1:\"j\";i:1;s:1:\"e\";i:2;s:1:\"j\";i:3;s:1:\"y\";}', 1724920527),
('captcha_f103e6bed86c2444bd9d91d3c09fc85d', 'a:4:{i:0;s:1:\"6\";i:1;s:1:\"m\";i:2;s:1:\"2\";i:3;s:1:\"z\";}', 1724933019),
('captcha_f146c09ee0dd7d2e0634674d688ad432', 'a:4:{i:0;s:1:\"p\";i:1;s:1:\"j\";i:2;s:1:\"n\";i:3;s:1:\"x\";}', 1725280855),
('captcha_f14cda2baa70115f8558ed56b9d32d8a', 'a:4:{i:0;s:1:\"j\";i:1;s:1:\"z\";i:2;s:1:\"f\";i:3;s:1:\"a\";}', 1724929463),
('captcha_f1a8193d295d3a50883de9af8465510f', 'a:4:{i:0;s:1:\"2\";i:1;s:1:\"r\";i:2;s:1:\"q\";i:3;s:1:\"t\";}', 1724925154),
('captcha_f2c33635a19f756a57d3b8363d658c55', 'a:4:{i:0;s:1:\"a\";i:1;s:1:\"n\";i:2;s:1:\"x\";i:3;s:1:\"h\";}', 1724931735),
('captcha_f3d669991370d8ea5bb99c0717b4d90a', 'a:4:{i:0;s:1:\"b\";i:1;s:1:\"b\";i:2;s:1:\"h\";i:3;s:1:\"h\";}', 1724933036),
('captcha_f407cb0d33ec6456f6aa3042a59fa0ae', 'a:4:{i:0;s:1:\"r\";i:1;s:1:\"6\";i:2;s:1:\"q\";i:3;s:1:\"f\";}', 1724925260),
('captcha_f409234e47a419dab53f7f68dab7e5a5', 'a:4:{i:0;s:1:\"m\";i:1;s:1:\"8\";i:2;s:1:\"6\";i:3;s:1:\"h\";}', 1724937930),
('captcha_f43bcfc21d8f047271657408de47f957', 'a:9:{i:0;s:1:\"u\";i:1;s:1:\"x\";i:2;s:1:\"a\";i:3;s:1:\"p\";i:4;s:1:\"g\";i:5;s:1:\"d\";i:6;s:1:\"n\";i:7;s:1:\"y\";i:8;s:1:\"g\";}', 1724394942),
('captcha_f44bfb01df8437f27e866ad195e506fe', 'a:4:{i:0;s:1:\"j\";i:1;s:1:\"p\";i:2;s:1:\"m\";i:3;s:1:\"z\";}', 1724918291),
('captcha_f44c434940e679bb5ca430d63ff3e9ce', 'a:4:{i:0;s:1:\"y\";i:1;s:1:\"u\";i:2;s:1:\"z\";i:3;s:1:\"h\";}', 1724934297),
('captcha_f4adf9a2e3552bff70b877a40b018568', 'a:4:{i:0;s:1:\"9\";i:1;s:1:\"m\";i:2;s:1:\"n\";i:3;s:1:\"p\";}', 1724935076),
('captcha_f4e07e1a576adcfad7a57849ba3bab8b', 'a:4:{i:0;s:1:\"6\";i:1;s:1:\"z\";i:2;s:1:\"f\";i:3;s:1:\"9\";}', 1724934354),
('captcha_f52358b27eb3f74f4ad62c000803d7bc', 'a:4:{i:0;s:1:\"g\";i:1;s:1:\"c\";i:2;s:1:\"m\";i:3;s:1:\"t\";}', 1724920472),
('captcha_f52702e116c2ccb70099cb6dd302c934', 'a:4:{i:0;s:1:\"r\";i:1;s:1:\"e\";i:2;s:1:\"u\";i:3;s:1:\"r\";}', 1724937549),
('captcha_f54b4ca806e44b49d4ffedffcc41c042', 'a:4:{i:0;s:1:\"7\";i:1;s:1:\"x\";i:2;s:1:\"r\";i:3;s:1:\"c\";}', 1724934271),
('captcha_f5562e4f1e42cf62acf01a62369897ad', 'a:4:{i:0;s:1:\"8\";i:1;s:1:\"u\";i:2;s:1:\"d\";i:3;s:1:\"h\";}', 1725011313),
('captcha_f5b8f5ebaeb5d500e65896a6d1de264f', 'a:4:{i:0;s:1:\"e\";i:1;s:1:\"g\";i:2;s:1:\"3\";i:3;s:1:\"p\";}', 1724933748),
('captcha_f6c3f6ddf056711d1c3d8571ed38d169', 'a:4:{i:0;s:1:\"g\";i:1;s:1:\"z\";i:2;s:1:\"b\";i:3;s:1:\"g\";}', 1724931991),
('captcha_f86198a3e5f89f8bce59e0a6169f4a23', 'a:4:{i:0;s:1:\"u\";i:1;s:1:\"q\";i:2;s:1:\"n\";i:3;s:1:\"7\";}', 1724931361),
('captcha_f893bcd534e12bfdc35edddd5b47c0b4', 'a:4:{i:0;s:1:\"7\";i:1;s:1:\"r\";i:2;s:1:\"c\";i:3;s:1:\"n\";}', 1725281033),
('captcha_f957d40ea770218f8c074ece3cbd981d', 'a:4:{i:0;s:1:\"3\";i:1;s:1:\"p\";i:2;s:1:\"m\";i:3;s:1:\"j\";}', 1724939301),
('captcha_f9917846ec1531149ecc3c646549bde4', 'a:4:{i:0;s:1:\"m\";i:1;s:1:\"z\";i:2;s:1:\"z\";i:3;s:1:\"g\";}', 1724919674),
('captcha_fa3e5b3c488caff5a9aa8ce42dbcf2c6', 'a:4:{i:0;s:1:\"q\";i:1;s:1:\"q\";i:2;s:1:\"9\";i:3;s:1:\"a\";}', 1724931487),
('captcha_fb1ad30655653836c928b9a169446d1a', 'a:9:{i:0;s:1:\"m\";i:1;s:1:\"y\";i:2;s:1:\"a\";i:3;s:1:\"7\";i:4;s:1:\"y\";i:5;s:1:\"e\";i:6;s:1:\"g\";i:7;s:1:\"g\";i:8;s:1:\"x\";}', 1724394761),
('captcha_fb8f802fee464639d62f2d825599f16c', 'a:4:{i:0;s:1:\"d\";i:1;s:1:\"y\";i:2;s:1:\"x\";i:3;s:1:\"e\";}', 1724937540),
('captcha_fbfe1eb331085f8f41e9ac41ad189f90', 'a:4:{i:0;s:1:\"z\";i:1;s:1:\"p\";i:2;s:1:\"e\";i:3;s:1:\"t\";}', 1724917977),
('captcha_fc7837b1817b0e0611a6e9d7f94661a6', 'a:4:{i:0;s:1:\"7\";i:1;s:1:\"p\";i:2;s:1:\"c\";i:3;s:1:\"h\";}', 1724927710),
('captcha_fce70cd81a1a2e1bc2ac92082b22901a', 'a:4:{i:0;s:1:\"t\";i:1;s:1:\"y\";i:2;s:1:\"p\";i:3;s:1:\"4\";}', 1724937527),
('captcha_fd48f06432e80ac8f6e669cb00838ad6', 'a:4:{i:0;s:1:\"9\";i:1;s:1:\"y\";i:2;s:1:\"q\";i:3;s:1:\"y\";}', 1724928836),
('captcha_fd7cffbeb8f5eac93669ce56a8f14a43', 'a:4:{i:0;s:1:\"p\";i:1;s:1:\"p\";i:2;s:1:\"a\";i:3;s:1:\"4\";}', 1724937512),
('captcha_fded867e6a06dda351722589f00822d9', 'a:4:{i:0;s:1:\"f\";i:1;s:1:\"j\";i:2;s:1:\"y\";i:3;s:1:\"t\";}', 1724920335),
('captcha_ff52a2ec26a0aac99d2a7da37e515881', 'a:4:{i:0;s:1:\"4\";i:1;s:1:\"f\";i:2;s:1:\"e\";i:3;s:1:\"r\";}', 1724919589),
('captcha_ffedf229cd943e80b40623023a988e33', 'a:4:{i:0;s:1:\"j\";i:1;s:1:\"g\";i:2;s:1:\"x\";i:3;s:1:\"e\";}', 1724937619);

-- --------------------------------------------------------

--
-- Table structure for table `cache_locks`
--

CREATE TABLE `cache_locks` (
  `key` varchar(255) NOT NULL,
  `owner` varchar(255) NOT NULL,
  `expiration` int(11) NOT NULL
) ENGINE=InnoDB DEFAULT CHARSET=utf8mb4 COLLATE=utf8mb4_unicode_ci;

-- --------------------------------------------------------

--
-- Table structure for table `categories`
--

CREATE TABLE `categories` (
  `id` bigint(20) UNSIGNED NOT NULL,
  `name` varchar(255) NOT NULL,
  `created_at` timestamp NULL DEFAULT NULL,
  `updated_at` timestamp NULL DEFAULT NULL
) ENGINE=InnoDB DEFAULT CHARSET=utf8mb4 COLLATE=utf8mb4_unicode_ci;

--
-- Dumping data for table `categories`
--

INSERT INTO `categories` (`id`, `name`, `created_at`, `updated_at`) VALUES
(1, 'Bank', '2024-06-20 07:27:52', '2024-06-20 07:27:52'),
(3, 'Mutual Funds', '2024-06-27 03:50:16', '2024-06-27 03:50:16'),
(4, 'Adani shares', '2024-06-27 03:50:38', '2024-06-27 03:50:38'),
(6, 'Employee', '2024-06-27 03:51:10', '2024-06-27 03:51:10');

-- --------------------------------------------------------

--
-- Table structure for table `click_activity`
--

CREATE TABLE `click_activity` (
  `id` bigint(20) UNSIGNED NOT NULL,
  `date_pst` date NOT NULL,
  `click_timestamps` text NOT NULL,
  `referee_user_id` bigint(20) UNSIGNED NOT NULL,
  `referral_id` bigint(20) UNSIGNED NOT NULL,
  `date_referral_id_referee_user_id` varchar(255) DEFAULT NULL,
  `referrer_user_id` bigint(20) UNSIGNED NOT NULL,
  `referee_confirmation_status` enum('not_yet','opened') NOT NULL,
  `referee_confirmation_snapshots` text NOT NULL DEFAULT 'N/A',
  `referrer_paid_platform_fee` enum('not_yet','paid','acknowledged') NOT NULL,
  `referrer_paid_platform_fee_snapshots` text NOT NULL DEFAULT 'N/A',
  `referrer_paid_referee` enum('not_yet','paid','acknowledged') NOT NULL,
  `referrer_paid_referee_snapshots` text NOT NULL DEFAULT 'N/A',
  `transaction_ratings` int(11) DEFAULT NULL,
  `transaction_comments` text DEFAULT NULL,
  `rating_status` int(11) NOT NULL DEFAULT 0,
  `created_at` timestamp NULL DEFAULT NULL,
  `updated_at` timestamp NULL DEFAULT NULL
) ENGINE=InnoDB DEFAULT CHARSET=utf8mb4 COLLATE=utf8mb4_unicode_ci;

--
-- Dumping data for table `click_activity`
--

INSERT INTO `click_activity` (`id`, `date_pst`, `click_timestamps`, `referee_user_id`, `referral_id`, `date_referral_id_referee_user_id`, `referrer_user_id`, `referee_confirmation_status`, `referee_confirmation_snapshots`, `referrer_paid_platform_fee`, `referrer_paid_platform_fee_snapshots`, `referrer_paid_referee`, `referrer_paid_referee_snapshots`, `transaction_ratings`, `transaction_comments`, `rating_status`, `created_at`, `updated_at`) VALUES
(4, '2024-08-01', '1722518320', 11, 45, NULL, 2, 'opened', 'N/A', 'not_yet', 'N/A', 'not_yet', 'N/A', 4, 'this is good promo code', 0, '2024-08-01 07:48:40', '2024-08-01 07:48:40'),
(5, '2024-08-01', '1722518329', 11, 45, NULL, 2, 'opened', 'N/A', 'not_yet', 'N/A', 'not_yet', 'N/A', 4, 'this is good promo code', 0, '2024-08-01 07:48:49', '2024-08-01 07:48:49'),
(6, '2024-08-01', '1722518356', 11, 45, NULL, 2, 'opened', 'N/A', 'not_yet', 'N/A', 'not_yet', 'N/A', 4, 'this is good promo code', 0, '2024-08-01 07:49:16', '2024-08-01 07:49:16'),
(7, '2024-08-01', '1722518441', 11, 45, NULL, 2, 'opened', 'N/A', 'not_yet', 'N/A', 'not_yet', 'N/A', 4, 'this is good promo code', 0, '2024-08-01 07:50:41', '2024-08-01 07:50:41'),
(8, '2024-08-01', '1722518442', 11, 45, NULL, 2, 'opened', 'N/A', 'not_yet', 'N/A', 'not_yet', 'N/A', 4, 'this is good promo code', 0, '2024-08-01 07:50:42', '2024-08-01 07:50:42'),
(9, '2024-08-01', '1722518454', 11, 45, NULL, 2, 'opened', 'N/A', 'not_yet', 'N/A', 'not_yet', 'N/A', 4, 'this is good promo code', 0, '2024-08-01 07:50:54', '2024-08-01 07:50:54'),
(10, '2024-08-01', '1722518511', 11, 45, NULL, 2, 'opened', 'N/A', 'not_yet', 'N/A', 'not_yet', 'N/A', 4, 'this is good promo code', 0, '2024-08-01 07:51:51', '2024-08-01 07:51:51'),
(11, '2024-08-01', '1722518802', 11, 45, NULL, 2, 'opened', 'N/A', 'not_yet', 'N/A', 'not_yet', 'N/A', 4, 'this is good promo code', 0, '2024-08-01 07:56:42', '2024-08-01 07:56:42'),
(12, '2024-08-02', '1722573357', 11, 48, NULL, 6, 'opened', 'N/A', 'not_yet', 'N/A', 'not_yet', 'N/A', 4, 'this is good promo code', 0, '2024-08-01 23:05:57', '2024-08-01 23:05:57'),
(13, '2024-08-02', '1722576675', 11, 5, NULL, 11, 'opened', 'N/A', 'not_yet', 'N/A', 'not_yet', 'N/A', 4, 'this is good promo code', 0, '2024-08-02 00:01:15', '2024-08-02 00:01:15'),
(14, '2024-08-02', '1722577145', 11, 45, NULL, 2, 'opened', 'N/A', 'not_yet', 'N/A', 'not_yet', 'N/A', 4, 'this is good promo code', 0, '2024-08-02 00:09:05', '2024-08-02 00:09:05'),
(15, '2024-08-02', '1722578811', 9, 48, NULL, 6, 'opened', 'N/A', 'not_yet', 'N/A', 'not_yet', 'N/A', 4, 'this is good promo code', 0, '2024-08-02 00:36:51', '2024-08-02 00:36:51'),
(16, '2024-08-17', '1723884327', 1, 5, NULL, 11, 'opened', 'N/A', 'not_yet', 'N/A', 'not_yet', 'N/A', 4, 'this is good promo code', 0, '2024-08-17 03:15:27', '2024-08-17 03:15:27'),
(17, '2024-08-19', '1724044918', 2, 45, NULL, 2, 'opened', 'N/A', 'not_yet', 'N/A', 'not_yet', 'N/A', 4, 'this is good promo code', 0, '2024-08-18 23:51:58', '2024-08-18 23:51:58'),
(18, '2024-08-19', '1724055203', 2, 7, NULL, 2, 'opened', 'N/A', 'not_yet', 'N/A', 'not_yet', 'N/A', 4, 'this is good promo code', 0, '2024-08-19 02:43:23', '2024-08-19 02:43:23'),
(19, '2024-08-19', '1724055209', 2, 7, NULL, 2, 'opened', 'N/A', 'not_yet', 'N/A', 'not_yet', 'N/A', 4, 'this is good promo code', 0, '2024-08-19 02:43:29', '2024-08-19 02:43:29'),
(20, '2024-08-22', '1724335822', 21, 7, NULL, 2, 'opened', 'N/A', 'not_yet', 'N/A', 'not_yet', 'N/A', 4, 'this is good promo code', 0, '2024-08-22 08:40:22', '2024-08-22 08:40:22'),
(21, '2024-08-22', '1724338743', 21, 5, NULL, 11, 'opened', 'N/A', 'not_yet', 'N/A', 'not_yet', 'N/A', 4, 'this is good promo code', 0, '2024-08-22 09:29:03', '2024-08-22 09:29:03'),
(22, '2024-08-23', '1724400011', 2, 51, NULL, 21, 'opened', 'N/A', 'not_yet', 'N/A', 'not_yet', 'N/A', 4, 'this is good promo code', 0, '2024-08-23 02:30:11', '2024-08-23 02:30:11'),
(23, '2024-08-27', '1724745229', 15, 51, NULL, 21, 'opened', 'N/A', 'not_yet', 'N/A', 'not_yet', 'N/A', 4, 'This Nice Promo Code. Nice Link', 1, '2024-08-27 02:23:49', '2024-08-28 05:13:25'),
(24, '2024-08-27', '1724760653', 15, 52, NULL, 21, 'opened', 'N/A', 'not_yet', 'N/A', 'not_yet', 'N/A', 5, 'Nice Link. This Nice Promo Code', 1, '2024-08-27 06:40:53', '2024-08-28 05:13:59'),
(26, '2024-08-29', '1724931375', 31, 52, NULL, 21, 'opened', 'N/A', 'not_yet', 'N/A', 'not_yet', 'N/A', 2, 'This is a nice link.', 1, '2024-08-29 06:06:15', '2024-08-29 06:14:47'),
(27, '2024-08-29', '1724933216', 15, 53, NULL, 21, 'opened', 'N/A', 'not_yet', 'N/A', 'not_yet', 'N/A', 1, 'this is a very nice link', 1, '2024-08-29 06:36:56', '2024-08-29 06:37:17'),
(28, '2024-08-29', '1724933308', 31, 53, NULL, 21, 'opened', 'N/A', 'not_yet', 'N/A', 'not_yet', 'N/A', 4, 'This is Very Nice Link', 1, '2024-08-29 06:38:28', '2024-08-29 06:38:50'),
(29, '2024-08-30', '1725002446', 15, 7, NULL, 2, 'opened', 'N/A', 'not_yet', 'N/A', 'not_yet', 'N/A', 2, 'Nice Link I use this link', 1, '2024-08-30 01:50:46', '2024-08-30 01:51:20'),
(30, '2024-09-02', '1725274813', 31, 7, NULL, 2, 'opened', 'N/A', 'not_yet', 'N/A', 'not_yet', 'N/A', 5, 'Nice Link I use This Link', 1, '2024-09-02 05:30:13', '2024-09-02 05:31:35');

-- --------------------------------------------------------

--
-- Table structure for table `failed_jobs`
--

CREATE TABLE `failed_jobs` (
  `id` bigint(20) UNSIGNED NOT NULL,
  `uuid` varchar(255) NOT NULL,
  `connection` text NOT NULL,
  `queue` text NOT NULL,
  `payload` longtext NOT NULL,
  `exception` longtext NOT NULL,
  `failed_at` timestamp NOT NULL DEFAULT current_timestamp()
) ENGINE=InnoDB DEFAULT CHARSET=utf8mb4 COLLATE=utf8mb4_unicode_ci;

-- --------------------------------------------------------

--
-- Table structure for table `jobs`
--

CREATE TABLE `jobs` (
  `id` bigint(20) UNSIGNED NOT NULL,
  `queue` varchar(255) NOT NULL,
  `payload` longtext NOT NULL,
  `attempts` tinyint(3) UNSIGNED NOT NULL,
  `reserved_at` int(10) UNSIGNED DEFAULT NULL,
  `available_at` int(10) UNSIGNED NOT NULL,
  `created_at` int(10) UNSIGNED NOT NULL
) ENGINE=InnoDB DEFAULT CHARSET=utf8mb4 COLLATE=utf8mb4_unicode_ci;

-- --------------------------------------------------------

--
-- Table structure for table `job_batches`
--

CREATE TABLE `job_batches` (
  `id` varchar(255) NOT NULL,
  `name` varchar(255) NOT NULL,
  `total_jobs` int(11) NOT NULL,
  `pending_jobs` int(11) NOT NULL,
  `failed_jobs` int(11) NOT NULL,
  `failed_job_ids` longtext NOT NULL,
  `options` mediumtext DEFAULT NULL,
  `cancelled_at` int(11) DEFAULT NULL,
  `created_at` int(11) NOT NULL,
  `finished_at` int(11) DEFAULT NULL
) ENGINE=InnoDB DEFAULT CHARSET=utf8mb4 COLLATE=utf8mb4_unicode_ci;

-- --------------------------------------------------------

--
-- Table structure for table `messages`
--

CREATE TABLE `messages` (
  `id` bigint(20) UNSIGNED NOT NULL,
  `sender_id` bigint(20) UNSIGNED NOT NULL,
  `receiver_id` bigint(20) UNSIGNED NOT NULL,
  `message` text NOT NULL,
  `seen` tinyint(4) NOT NULL DEFAULT 0,
  `created_at` timestamp NULL DEFAULT NULL,
  `updated_at` timestamp NULL DEFAULT NULL
) ENGINE=InnoDB DEFAULT CHARSET=utf8mb4 COLLATE=utf8mb4_unicode_ci;

--
-- Dumping data for table `messages`
--

INSERT INTO `messages` (`id`, `sender_id`, `receiver_id`, `message`, `seen`, `created_at`, `updated_at`) VALUES
(1, 21, 2, 'a', 1, '2024-08-23 03:05:42', '2024-08-23 03:06:39'),
(2, 2, 21, 'how are you?', 1, '2024-08-23 03:07:49', '2024-08-23 03:10:48'),
(3, 2, 21, 'what about work', 1, '2024-08-23 03:31:20', '2024-08-23 03:31:52'),
(5, 2, 21, 'a', 1, '2024-08-23 05:32:01', '2024-08-23 08:12:29'),
(6, 21, 2, 'a', 1, '2024-08-23 08:14:31', '2024-08-23 08:15:11'),
(8, 2, 7, 'how are you', 1, '2024-08-23 08:20:26', '2024-08-23 08:20:31'),
(9, 15, 2, 'i will rating the 2 star for one webiste', 1, '2024-08-30 02:23:39', '2024-08-30 02:23:46'),
(10, 2, 15, 'ok', 0, '2024-09-02 02:37:24', '2024-09-02 02:37:24');

-- --------------------------------------------------------

--
-- Table structure for table `migrations`
--

CREATE TABLE `migrations` (
  `id` int(10) UNSIGNED NOT NULL,
  `migration` varchar(255) NOT NULL,
  `batch` int(11) NOT NULL
) ENGINE=InnoDB DEFAULT CHARSET=utf8mb4 COLLATE=utf8mb4_unicode_ci;

--
-- Dumping data for table `migrations`
--

INSERT INTO `migrations` (`id`, `migration`, `batch`) VALUES
(1, '0001_01_01_000000_create_users_table', 1),
(2, '0001_01_01_000001_create_cache_table', 1),
(3, '0001_01_01_000002_create_jobs_table', 1),
(4, '2024_06_14_094641_create_categories_table', 2),
(5, '2024_06_14_111633_create_categories_table', 3),
(6, '2024_06_15_100908_create_referral_links_table', 4),
(7, '2024_06_15_152805_create_click_activities_table', 5),
(8, '2024_06_15_153111_create_referral_websites_table', 6),
(9, '2024_07_25_122457_create_referrals_table', 7),
(10, '2024_07_27_073142_add_id_to_click_activity_table', 8),
(11, '2024_08_01_050735_add_field_to_table_name', 9),
(12, '2024_08_01_085126_message_table', 10),
(13, '2024_08_02_044531_add_column_seen_to_messages_table', 10),
(14, '2024_08_21_084236_create_pending_users_table', 11),
(15, '2024_08_24_083822_add_email_to_pending_users_table', 12),
(16, '2024_08_27_091903_create_ratings_table', 13);

-- --------------------------------------------------------

--
-- Table structure for table `password_reset_tokens`
--

CREATE TABLE `password_reset_tokens` (
  `email` varchar(255) NOT NULL,
  `token` varchar(255) NOT NULL,
  `created_at` timestamp NULL DEFAULT NULL
) ENGINE=InnoDB DEFAULT CHARSET=utf8mb4 COLLATE=utf8mb4_unicode_ci;

-- --------------------------------------------------------

--
-- Table structure for table `pending_users`
--

CREATE TABLE `pending_users` (
  `id` bigint(20) UNSIGNED NOT NULL,
  `firstname` varchar(255) NOT NULL,
  `lastname` varchar(255) NOT NULL,
  `email` varchar(255) NOT NULL,
  `password` varchar(255) NOT NULL,
  `usertype` varchar(255) NOT NULL DEFAULT 'user',
  `verification_code` varchar(255) NOT NULL,
  `verification_expires_at` timestamp NOT NULL DEFAULT current_timestamp() ON UPDATE current_timestamp(),
  `created_at` timestamp NULL DEFAULT NULL,
  `updated_at` timestamp NULL DEFAULT NULL
) ENGINE=InnoDB DEFAULT CHARSET=utf8mb4 COLLATE=utf8mb4_unicode_ci;

-- --------------------------------------------------------

--
-- Table structure for table `ratings`
--

CREATE TABLE `ratings` (
  `id` bigint(20) UNSIGNED NOT NULL,
  `referee_id` varchar(255) NOT NULL,
  `user_id` varchar(255) NOT NULL,
  `referral_link_id` varchar(255) NOT NULL,
  `rating` varchar(255) NOT NULL,
  `message` varchar(255) NOT NULL,
  `created_at` timestamp NULL DEFAULT NULL,
  `updated_at` timestamp NULL DEFAULT NULL
) ENGINE=InnoDB DEFAULT CHARSET=utf8mb4 COLLATE=utf8mb4_unicode_ci;

--
-- Dumping data for table `ratings`
--

INSERT INTO `ratings` (`id`, `referee_id`, `user_id`, `referral_link_id`, `rating`, `message`, `created_at`, `updated_at`) VALUES
(1, '15', '21', '51', '4', 'This Nice Promo Code. Nice Link', '2024-08-28 05:13:25', '2024-08-28 05:13:25'),
(2, '15', '21', '52', '5', 'Nice Link. This Nice Promo Code', '2024-08-28 05:13:59', '2024-08-28 05:13:59'),
(4, '31', '21', '52', '2', 'This is a nice link.', '2024-08-29 06:14:47', '2024-08-29 06:14:47'),
(5, '15', '21', '53', '1', 'this is a very nice link', '2024-08-29 06:37:17', '2024-08-29 06:37:17'),
(6, '31', '21', '53', '4', 'This is Very Nice Link', '2024-08-29 06:38:50', '2024-08-29 06:38:50'),
(7, '15', '2', '7', '2', 'Nice Link I use this link', '2024-08-30 01:51:20', '2024-08-30 01:51:20'),
(8, '31', '2', '7', '5', 'Nice Link I use This Link', '2024-09-02 05:31:35', '2024-09-02 05:31:35');

-- --------------------------------------------------------

--
-- Table structure for table `referral_links`
--

CREATE TABLE `referral_links` (
  `id` bigint(20) UNSIGNED NOT NULL,
  `category_id` varchar(255) NOT NULL,
  `user_id` varchar(255) NOT NULL,
  `referral_url` varchar(255) DEFAULT NULL,
  `display_name` varchar(255) DEFAULT NULL,
  `canonicalized_name` varchar(255) DEFAULT NULL,
  `logo` varchar(255) NOT NULL,
  `promo_terms` varchar(255) NOT NULL,
  `promo_terms_url` varchar(255) DEFAULT NULL,
  `promo_expiration_date` varchar(255) DEFAULT NULL,
  `expiry_date` varchar(255) DEFAULT NULL,
  `status` varchar(255) NOT NULL,
  `expected_payout` varchar(255) DEFAULT NULL,
  `referee_share_percentage` varchar(255) NOT NULL,
  `referral_share_percentage` varchar(255) NOT NULL,
  `platform_percentage` varchar(255) NOT NULL,
  `expected_days` varchar(255) NOT NULL,
  `created_at` timestamp NULL DEFAULT NULL,
  `updated_at` timestamp NULL DEFAULT NULL,
  `offer_id` varchar(255) NOT NULL,
  `expected_payout_by_referar` varchar(255) DEFAULT NULL,
  `expected_payout_by_website` varchar(255) DEFAULT NULL
) ENGINE=InnoDB DEFAULT CHARSET=utf8mb4 COLLATE=utf8mb4_unicode_ci;

--
-- Dumping data for table `referral_links`
--

INSERT INTO `referral_links` (`id`, `category_id`, `user_id`, `referral_url`, `display_name`, `canonicalized_name`, `logo`, `promo_terms`, `promo_terms_url`, `promo_expiration_date`, `expiry_date`, `status`, `expected_payout`, `referee_share_percentage`, `referral_share_percentage`, `platform_percentage`, `expected_days`, `created_at`, `updated_at`, `offer_id`, `expected_payout_by_referar`, `expected_payout_by_website`) VALUES
(5, '1', '11', 'http://www.google.come', 'MooMoo', 'Demo', 'Screenshot 2024-05-16 150131.png', '1', 'http://www.google.come', '2024-07-06', NULL, 'Active', '1000', '12', '12', '12', '1', '2024-07-01 07:46:53', '2024-08-01 00:12:56', '10', '122', ''),
(7, '1', '2', 'http://www.google.come', 'Prasad', 'Prasad', 'footer.jfif', '1', 'http://www.google.com', '2024-07-16', NULL, 'Active', '1000', '450', '12', '3', '5', '2024-07-02 02:03:31', '2024-07-02 02:03:31', '10', '1000', ''),
(8, '1', '2', 'http://www.google.come', 'Google', NULL, 'banner.png', '1', 'http://www.google.com', '2024-07-02', NULL, 'Pending', '134', '34', '34', '123', '34', '2024-07-02 02:22:00', '2024-07-02 02:22:00', '10', '', ''),
(9, '1', '2', 'http://www.google.come', 'Private', NULL, 'img2.png', '123', 'http://www.google.com', '2024-07-04', NULL, 'Pending', '10', '123', '45', '1', '12', '2024-07-02 02:25:05', '2024-07-02 02:25:05', '', '', ''),
(10, '1', '6', 'http://www.google.com', 'MOMO', NULL, 'img1.png', '123', 'http://www.google.com', '2024-07-25', NULL, 'Pending', '12', '145', '123', '1000', '12', '2024-07-02 02:26:24', '2024-07-02 02:26:24', '', '', ''),
(11, '1', '5', 'http://www.amazon.com', 'Amazon', 'Amazon', 'img5.jfif', '123', 'http://www.google.com', '2024-07-03', NULL, 'Pending', '456', '4547', '413', '10', '10', '2024-07-02 02:32:13', '2024-07-16 15:03:41', '', '', ''),
(12, '1', '2', 'http://www.google.com', 'Logo', NULL, 'logo.PNG', '123', 'http://www.google.com', '2024-07-10', NULL, 'Pending', '123', '123', '12', '34', '23', '2024-07-02 02:33:49', '2024-07-02 02:33:49', '', '', ''),
(31, '1', '9', 'https://getbootstrap.com/docs/5.0/forms/select/', 'test', 'test', 'logos/hUXT57d2Ta7j3mrM4IIGT905OCEpf7ooFOnmuInl.jpg', 'sfdsf', 'https://getbootstrap.com/docs/5.0/forms/select/', '2025-02-22', '2025-02-22', 'Pending', '23', '45', '45', '10', '4', '2024-07-27 00:02:55', '2024-07-27 00:02:55', '', '', ''),
(32, '3', '9', 'https://getbootstrap.com/docs/5.0/forms/select/', 'test', 'test', 'gradient-world-wide-web-internet_78370-4896-removebg-preview.png', 'test', 'https://getbootstrap.com/docs/5.0/forms/select/', '2025-02-22', '2025-02-22', 'Pending', '23', '45', '45', '10', '4', '2024-07-27 00:04:11', '2024-07-28 23:55:35', '', '', ''),
(33, '1', '9', 'https://getbootstrap.com/docs/5.0/forms/select/', 'test', 'test', 'logos/2svqCPJQBNrqauUR02ceciAcP3KsUAmBVLmD9VhD.jpg', 'test', 'https://getbootstrap.com/docs/5.0/forms/select/', '2025-02-22', '2025-02-22', 'Pending', '23', '45', '45', '10', '4', '2024-07-27 00:08:34', '2024-07-27 00:08:34', '', '', ''),
(34, '6', '9', 'https://www.linux.org/threads/go-install-shows-permission-denied.49072/#google_vignette', 'rohit', 'rohit', 'gradient-world-wide-web-internet_78370-4896-removebg-preview.png', 'ghjghjgjh', 'https://www.linux.org/threads/go-install-shows-permission-denied.49072/#google_vignette', '2024-07-10', '2024-07-10', 'Pending', '213', '45', '45', '10', '123', '2024-07-27 05:07:56', '2024-07-28 23:54:22', '15', '121', ''),
(35, '1', '9', 'https://www.linux.org/threads/go-install-shows-permission-denied.49072/#google_vignette', 'rohit', 'rohit', 'gradient-world-wide-web-internet_78370-4896-removebg-preview.png', 'fghghfghfgh', 'https://www.linux.org/threads/go-install-shows-permission-denied.49072/#google_vignette', '2024-07-11', '2024-07-11', 'Pending', '121', '45', '45', '10', '12', '2024-07-27 07:13:06', '2024-07-28 23:54:54', '', '', ''),
(36, '6', '9', 'https://www.netflix.com/in/', 'Netflix', 'netflix', 'logos/MZMjvoPSeiBXEuzZF39qi6omC293jOPoVWjUwYIW.jpg', 'Best Movies', 'https://www.netflix.com/in/', '2024-07-19', '2024-07-19', 'Pending', '122', '45', '45', '10', '112', '2024-07-29 06:40:27', '2024-07-29 06:40:27', '', '', ''),
(42, '6', '9', 'https://docs.google.com/ghghhg', 'Netflix', 'netflix', 'logos/bJadaXCEtHfmaOEaB42JNKuUfpSdL2Co5M7bAaye.png', 'Best Movies', 'https://www.netflix.com/in/', '2024-07-19', '2024-07-19', 'Pending', '122', '45', '45', '10', '112', '2024-07-29 07:48:05', '2024-07-29 07:48:05', '', '', ''),
(43, '6', '9', 'https://www.linux.org/threads/go-install', 'rohit', 'rohit', 'logos/7dCUClfDe01BX5v8WuH0evjgwEHFXPHgpBh4kuiz.png', 'ghjghjgjh', 'https://www.linux.org/threads/go-install-shows-permission-denied.49072/#google_vignette', '2024-07-10', '2024-07-10', 'Pending', '213', '45', '45', '10', '123', '2024-07-29 22:59:45', '2024-07-29 22:59:45', '', '', ''),
(44, '1', '2', 'https://www.linux.org/threads/go-install-shows-permission-denied.49072/#google_vignette', 'Netflix', 'Demo', 'Screenshot 2024-05-16 151526.png', 'this is the first entry', 'https://www.netflix.com/in/', '2024-08-02', NULL, 'Pending', NULL, '12', '12', '12', '12', '2024-08-01 00:52:43', '2024-08-01 00:52:43', '', '122', NULL),
(45, '1', '2', 'https://www.linux.org/threads/go-install-shows-permission-denied.49072/#google_vignette', 'hjkhkjhkjhk', 'hkjhkjhkjhkj', 'Screenshot 2024-05-16 151526.png', 'hjkhkjhkjhjk', 'https://www.netflix.com/in/', '2024-08-09', NULL, 'Active', NULL, '88', '88', '88', '88', '2024-08-01 00:54:47', '2024-08-01 00:54:47', '14', '88', NULL),
(51, '4', '21', 'https://www.employeelinkapp.com', 'Employee LInk App', NULL, 'Screenshot (10).png', 'asdf', 'https://www.employeelinkapp.com', '2024-09-07', NULL, 'Active', NULL, '10', '10', '10', '25', '2024-08-23 02:28:28', '2024-08-23 02:28:28', '10', '10', NULL),
(52, '1', '21', 'https://www.similarweb.com/top-websites/finance/banking-credit-and-lending', 'finance', 'finance', 'Screenshot (7).png', 'finance', 'https://www.similarweb.com/top-websites/finance/banking-credit-and-lending', '2024-08-31', '2024-08-31', 'Active', NULL, '45', '45', '10', '12', '2024-08-23 07:47:36', '2024-08-23 07:47:36', '16', '12', '12'),
(53, '3', '21', 'https://www.investor.gov/introduction-investing/investing-basics/investment-products/mutual-funds-and-exchange-traded-1', 'Mutual Funds', 'Mutual Funds', 'Screenshot (10).png', 'This is mutual fund website', 'https://www.investor.gov/introduction-investing/investing-basics/investment-products/mutual-funds-and-exchange-traded-1', '2024-09-07', NULL, 'Active', NULL, '100', '100', '100', '12', '2024-08-29 06:30:42', '2024-08-29 06:30:42', '16', '100', NULL);

-- --------------------------------------------------------

--
-- Table structure for table `referral_websites`
--

CREATE TABLE `referral_websites` (
  `id` bigint(20) UNSIGNED NOT NULL,
  `category_id` varchar(255) NOT NULL,
  `user_id` varchar(255) NOT NULL,
  `canonicalized_name` varchar(255) DEFAULT NULL,
  `logo` varchar(255) NOT NULL,
  `promo_terms` varchar(255) NOT NULL,
  `promo_terms_url` varchar(255) DEFAULT NULL,
  `promo_expiration_date` varchar(255) DEFAULT NULL,
  `status` varchar(255) NOT NULL,
  `expected_payout` varchar(255) NOT NULL,
  `referee_share_percentage` varchar(255) NOT NULL,
  `referral_share_percentage` varchar(255) NOT NULL,
  `platform_percentage` varchar(255) NOT NULL,
  `expected_days` varchar(255) NOT NULL,
  `created_at` timestamp NULL DEFAULT NULL,
  `updated_at` timestamp NULL DEFAULT NULL
) ENGINE=InnoDB DEFAULT CHARSET=utf8mb4 COLLATE=utf8mb4_unicode_ci;

--
-- Dumping data for table `referral_websites`
--

INSERT INTO `referral_websites` (`id`, `category_id`, `user_id`, `canonicalized_name`, `logo`, `promo_terms`, `promo_terms_url`, `promo_expiration_date`, `status`, `expected_payout`, `referee_share_percentage`, `referral_share_percentage`, `platform_percentage`, `expected_days`, `created_at`, `updated_at`) VALUES
(10, '4', '2', 'Adani Power', 'Adani-Power-Limited-3.jpg', 'this is the coupon for adani power pament', 'https://www.netflix.com/in/', '2024-07-11', 'Active', '12', '45', '52', '145', '7', '2024-07-31 07:06:25', '2024-08-01 04:53:47'),
(11, '1', '2', 'Rohit', 'Screenshot 2024-05-16 151526.png', 'This is a netflix Promo code', 'https://www.netflix.com/in/', '2024-08-16', 'Active', '23', '12', '12', '12', '1', '2024-07-31 23:29:11', '2024-07-31 23:29:11'),
(12, '3', '6', 'Kotak SIP', 'Axis_Bank_logo.svg.png', 'This is coupon for Kotak SIP', 'https://www.netflix.com/in/', '2024-08-09', 'Active', '15', '12', '5', '5', '5', '2024-08-01 04:49:51', '2024-08-01 04:49:51'),
(14, '6', '2', 'HSBC', '1869679.png', 'This is a HSBC Promo code', 'https://www.netflix.com/in/', '2024-08-16', 'Active', '12', '5', '12', '2', '2', '2024-08-01 04:53:26', '2024-08-01 04:53:26'),
(15, '3', '5', 'Hindu', 'gradient-world-wide-web-internet_78370-4896-removebg-preview.png', 'this is the Hindu Promo code', 'https://www.thehindu.com/sci-tech/science/isro-releases-satellite-before-and-after-images-of-landslide-at-chooralmala-in-wayanad-district-of-kerala/article68472357.ece', '2024-08-15', 'Active', '23', '12', '12', '12', '12', '2024-08-02 00:20:11', '2024-08-02 00:20:39'),
(16, '1', '21', 'finance', 'Screenshot (8).png', 'finance', 'https://www.similarweb.com/top-websites/finance/banking-credit-and-lending', '2024-08-31', 'Active', '12', '45', '45', '10', '12', '2024-08-23 07:47:36', '2024-09-02 05:12:33');

-- --------------------------------------------------------

--
-- Table structure for table `sessions`
--

CREATE TABLE `sessions` (
  `id` varchar(255) NOT NULL,
  `user_id` bigint(20) UNSIGNED DEFAULT NULL,
  `ip_address` varchar(45) DEFAULT NULL,
  `user_agent` text DEFAULT NULL,
  `payload` longtext NOT NULL,
  `last_activity` int(11) NOT NULL
) ENGINE=InnoDB DEFAULT CHARSET=utf8mb4 COLLATE=utf8mb4_unicode_ci;

--
-- Dumping data for table `sessions`
--

INSERT INTO `sessions` (`id`, `user_id`, `ip_address`, `user_agent`, `payload`, `last_activity`) VALUES
('9UL1WTT38R1ArOhXQgy7n7EaAlanuFXE05aLscVD', NULL, '127.0.0.1', 'Mozilla/5.0 (Windows NT 10.0; Win64; x64) AppleWebKit/537.36 (KHTML, like Gecko) Chrome/128.0.0.0 Safari/537.36', 'YTo0OntzOjY6ImxvY2FsZSI7TjtzOjY6Il9mbGFzaCI7YToyOntzOjM6Im9sZCI7YTowOnt9czozOiJuZXciO2E6MDp7fX1zOjY6Il90b2tlbiI7czo0MDoiNGZjaXpjem51Yk5BVUtlNXIxRDZpdkJLMW5EZ2R5bFFYblBMUlNWTyI7czo5OiJfcHJldmlvdXMiO2E6MTp7czozOiJ1cmwiO3M6MjE6Imh0dHA6Ly9sb2NhbGhvc3Q6ODAwMCI7fX0=', 1725341387);

-- --------------------------------------------------------

--
-- Table structure for table `users`
--

CREATE TABLE `users` (
  `id` bigint(20) UNSIGNED NOT NULL,
  `username` varchar(255) DEFAULT NULL,
  `firstname` varchar(255) NOT NULL,
  `lastname` varchar(255) DEFAULT NULL,
  `email` varchar(255) NOT NULL,
  `email_verified_at` timestamp NULL DEFAULT NULL,
  `password` varchar(255) NOT NULL,
  `usertype` varchar(255) DEFAULT 'user',
  `address` varchar(255) DEFAULT NULL,
  `phone` varchar(255) DEFAULT NULL,
  `logo` varchar(255) DEFAULT NULL,
  `status` varchar(255) DEFAULT NULL,
  `about` text DEFAULT NULL,
  `remember_token` varchar(100) DEFAULT NULL,
  `created_at` timestamp NULL DEFAULT NULL,
  `updated_at` timestamp NULL DEFAULT NULL
) ENGINE=InnoDB DEFAULT CHARSET=utf8mb4 COLLATE=utf8mb4_unicode_ci;

--
-- Dumping data for table `users`
--

INSERT INTO `users` (`id`, `username`, `firstname`, `lastname`, `email`, `email_verified_at`, `password`, `usertype`, `address`, `phone`, `logo`, `status`, `about`, `remember_token`, `created_at`, `updated_at`) VALUES
(1, NULL, 'Admin', 'Admin', 'admin@gmail.com', NULL, '$2y$12$82hezuFhhklqzcFXAOk51uH0WXkLagaSOl7dhHa.tdhsDR8j0IDyq', 'admin', NULL, NULL, NULL, NULL, NULL, NULL, '2024-06-20 07:05:34', '2024-06-20 07:05:34'),
(2, 'PRASAD', 'Prasad', 'Rodage', 'prodage984@gmail.com', NULL, '$2y$12$6L9iJXF3x93wFiR0qewoSOTyDkwYOUh4emxzjFbJQjHWe8YtCihJa', 'user', '102 B/ 6 Bhavani Peth,Solapur', '8855921085', 'prasad_62.jpg', NULL, 'I hope you can make good use of any my referral links. Life gets expensive especially at the moment so I am glad if it helps anyone out. I hope you can make good use of any my referral links. Life gets expensive especially at the moment so I am glad if it helps anyone out.', 'cDpp8Ijaj0JbErDTgbcJuMUPPv0zewaHrj9e9ZN1jdrwNeDXArXRkQkRv0kX', '2024-06-20 07:14:45', '2024-08-28 01:50:43'),
(3, NULL, 'Suraj', 'Namaji', 'suraj@gmail.com', NULL, '$2y$12$dEOxMMV2NLreNKk7TZQxeeiOxMEH76qBHCpPUPczQl7TY4Nt5Pndy', 'user', NULL, NULL, NULL, NULL, NULL, NULL, '2024-06-20 07:46:23', '2024-06-20 07:46:23'),
(4, 'vwxyz', 'xyz', 'xyz', 'xyz@gmail.com', NULL, '$2y$12$zvArC5FG4D6.eeR.VzeYOepB3kdR/cJxEGF78iX7EMmP14GxYSQX2', 'user', NULL, '8855921085', NULL, '1', NULL, NULL, '2024-06-27 03:43:20', '2024-06-27 03:43:20'),
(5, 'pqrsw', 'pqr', 'pqr', 'pqr@gmail.com', NULL, '$2y$12$uJ7jclwSKVK7E6u7SRbP3.eDzGQR8YIFEoEyla0c3up0gdMa1GHgy', 'user', NULL, NULL, NULL, '1', NULL, NULL, '2024-06-27 03:45:59', '2024-06-27 03:45:59'),
(6, 'pranav', 'pranav', 'mukharji', 'pranavmukharji@gmail.com', NULL, '$2y$12$noeMmraVQ9j8Iy/ibSTjquVBpbWbctUUiWY940q4lheJCfMNg/3RC', 'user', NULL, '8855921085', NULL, '1', NULL, NULL, '2024-06-27 03:48:21', '2024-06-27 03:48:21'),
(7, NULL, 'Sai', 'sharma', 'saisharma@gmail.com', NULL, '$2y$12$di7rgq23V1zJPMqR4soJ6uye/eG6HOPVuX/S4V9CwMZXXAdUr9XPK', 'user', NULL, NULL, NULL, NULL, NULL, NULL, '2024-07-17 00:02:00', '2024-07-17 00:02:00'),
(9, NULL, 'pratham', 'kvell', 'pratham.kvell@gmail.com', NULL, '$2y$12$yKl3etQYJEQjt0wW79q0MuHZE/yzLCj2gq37COYIf0C6ApI8uK.B6', 'user', NULL, NULL, NULL, NULL, NULL, NULL, '2024-07-26 02:12:44', '2024-07-26 02:12:44'),
(11, 'Grow', 'growwith', 'kvell', 'growwithkvell@gmail.com', NULL, '$2y$12$RF2dogIqq3WAWXNlP29Y0uniopF4LdiC47q8L6G1jtdlOKBWNuzee', 'admin', NULL, NULL, NULL, NULL, NULL, NULL, '2024-07-27 00:07:27', '2024-07-27 00:07:27'),
(12, NULL, 'rohit', 'godara', 'rohit@gmail.com', NULL, '$2y$12$xQomsx63oh3ojMh/.cpVq.DOuGQ2wIY0M0ufJLGiF4AdLIwpjw/YS', 'user', NULL, NULL, NULL, NULL, NULL, NULL, '2024-07-27 04:55:05', '2024-07-27 04:55:05'),
(15, 'Prince', 'prince', 'kumar', 'princekumar@gmail.com', NULL, '$2y$12$gl2Qzm0b82V.jzGl/vyq7OD3PjRPsp/DM.ENL59WWr.2o3ekg1jRy', 'referee', 'Solapur', '8855921085', NULL, NULL, '12345', NULL, '2024-08-20 07:57:25', '2024-08-28 08:16:43'),
(21, 'Pooja', 'Pooja', 'Rodage', 'poojarodge7057@gmail.com', NULL, '$2y$12$Owos4WquwW2xdBMCO6p8CeTCTNlPmzpGaF1MVIAB0B2yopoqJg1u2', 'user', 'solapur', '7057845988', NULL, NULL, 'hi', NULL, '2024-08-22 06:00:18', '2024-08-28 08:30:03'),
(31, 'ANISH', 'anish', 'chavan', 'rodage2384@gmail.com', '2024-08-28 02:16:13', '$2y$12$SG2OKmzde2ZiLIstah5qFezNUlgAIooqF3jM59uG1MNdESfhmKqu6', 'referee', NULL, NULL, NULL, '0', NULL, NULL, '2024-08-28 02:16:13', '2024-09-02 02:43:14');

--
-- Indexes for dumped tables
--

--
-- Indexes for table `cache`
--
ALTER TABLE `cache`
  ADD PRIMARY KEY (`key`);

--
-- Indexes for table `cache_locks`
--
ALTER TABLE `cache_locks`
  ADD PRIMARY KEY (`key`);

--
-- Indexes for table `categories`
--
ALTER TABLE `categories`
  ADD PRIMARY KEY (`id`);

--
-- Indexes for table `click_activity`
--
ALTER TABLE `click_activity`
  ADD PRIMARY KEY (`id`),
  ADD UNIQUE KEY `click_activity_date_referral_id_referee_user_id_unique` (`date_referral_id_referee_user_id`),
  ADD KEY `click_activity_referee_user_id_foreign` (`referee_user_id`),
  ADD KEY `click_activity_referrer_user_id_foreign` (`referrer_user_id`);

--
-- Indexes for table `failed_jobs`
--
ALTER TABLE `failed_jobs`
  ADD PRIMARY KEY (`id`),
  ADD UNIQUE KEY `failed_jobs_uuid_unique` (`uuid`);

--
-- Indexes for table `jobs`
--
ALTER TABLE `jobs`
  ADD PRIMARY KEY (`id`),
  ADD KEY `jobs_queue_index` (`queue`);

--
-- Indexes for table `job_batches`
--
ALTER TABLE `job_batches`
  ADD PRIMARY KEY (`id`);

--
-- Indexes for table `messages`
--
ALTER TABLE `messages`
  ADD PRIMARY KEY (`id`),
  ADD KEY `messages_sender_id_foreign` (`sender_id`),
  ADD KEY `messages_receiver_id_foreign` (`receiver_id`);

--
-- Indexes for table `migrations`
--
ALTER TABLE `migrations`
  ADD PRIMARY KEY (`id`);

--
-- Indexes for table `password_reset_tokens`
--
ALTER TABLE `password_reset_tokens`
  ADD PRIMARY KEY (`email`);

--
-- Indexes for table `pending_users`
--
ALTER TABLE `pending_users`
  ADD PRIMARY KEY (`id`);

--
-- Indexes for table `ratings`
--
ALTER TABLE `ratings`
  ADD PRIMARY KEY (`id`);

--
-- Indexes for table `referral_links`
--
ALTER TABLE `referral_links`
  ADD PRIMARY KEY (`id`);

--
-- Indexes for table `referral_websites`
--
ALTER TABLE `referral_websites`
  ADD PRIMARY KEY (`id`);

--
-- Indexes for table `sessions`
--
ALTER TABLE `sessions`
  ADD PRIMARY KEY (`id`),
  ADD KEY `sessions_user_id_index` (`user_id`),
  ADD KEY `sessions_last_activity_index` (`last_activity`);

--
-- Indexes for table `users`
--
ALTER TABLE `users`
  ADD PRIMARY KEY (`id`),
  ADD UNIQUE KEY `users_email_unique` (`email`),
  ADD UNIQUE KEY `users_username_unique` (`username`);

--
-- AUTO_INCREMENT for dumped tables
--

--
-- AUTO_INCREMENT for table `categories`
--
ALTER TABLE `categories`
  MODIFY `id` bigint(20) UNSIGNED NOT NULL AUTO_INCREMENT, AUTO_INCREMENT=10;

--
-- AUTO_INCREMENT for table `click_activity`
--
ALTER TABLE `click_activity`
  MODIFY `id` bigint(20) UNSIGNED NOT NULL AUTO_INCREMENT, AUTO_INCREMENT=31;

--
-- AUTO_INCREMENT for table `failed_jobs`
--
ALTER TABLE `failed_jobs`
  MODIFY `id` bigint(20) UNSIGNED NOT NULL AUTO_INCREMENT;

--
-- AUTO_INCREMENT for table `jobs`
--
ALTER TABLE `jobs`
  MODIFY `id` bigint(20) UNSIGNED NOT NULL AUTO_INCREMENT;

--
-- AUTO_INCREMENT for table `messages`
--
ALTER TABLE `messages`
  MODIFY `id` bigint(20) UNSIGNED NOT NULL AUTO_INCREMENT, AUTO_INCREMENT=11;

--
-- AUTO_INCREMENT for table `migrations`
--
ALTER TABLE `migrations`
  MODIFY `id` int(10) UNSIGNED NOT NULL AUTO_INCREMENT, AUTO_INCREMENT=17;

--
-- AUTO_INCREMENT for table `pending_users`
--
ALTER TABLE `pending_users`
  MODIFY `id` bigint(20) UNSIGNED NOT NULL AUTO_INCREMENT, AUTO_INCREMENT=30;

--
-- AUTO_INCREMENT for table `ratings`
--
ALTER TABLE `ratings`
  MODIFY `id` bigint(20) UNSIGNED NOT NULL AUTO_INCREMENT, AUTO_INCREMENT=9;

--
-- AUTO_INCREMENT for table `referral_links`
--
ALTER TABLE `referral_links`
  MODIFY `id` bigint(20) UNSIGNED NOT NULL AUTO_INCREMENT, AUTO_INCREMENT=54;

--
-- AUTO_INCREMENT for table `referral_websites`
--
ALTER TABLE `referral_websites`
  MODIFY `id` bigint(20) UNSIGNED NOT NULL AUTO_INCREMENT, AUTO_INCREMENT=18;

--
-- AUTO_INCREMENT for table `users`
--
ALTER TABLE `users`
  MODIFY `id` bigint(20) UNSIGNED NOT NULL AUTO_INCREMENT, AUTO_INCREMENT=32;

--
-- Constraints for dumped tables
--

--
-- Constraints for table `click_activity`
--
ALTER TABLE `click_activity`
  ADD CONSTRAINT `click_activity_referee_user_id_foreign` FOREIGN KEY (`referee_user_id`) REFERENCES `users` (`id`) ON DELETE CASCADE,
  ADD CONSTRAINT `click_activity_referrer_user_id_foreign` FOREIGN KEY (`referrer_user_id`) REFERENCES `users` (`id`) ON DELETE CASCADE;

--
-- Constraints for table `messages`
--
ALTER TABLE `messages`
  ADD CONSTRAINT `messages_receiver_id_foreign` FOREIGN KEY (`receiver_id`) REFERENCES `users` (`id`) ON DELETE CASCADE,
  ADD CONSTRAINT `messages_sender_id_foreign` FOREIGN KEY (`sender_id`) REFERENCES `users` (`id`) ON DELETE CASCADE;
COMMIT;

/*!40101 SET CHARACTER_SET_CLIENT=@OLD_CHARACTER_SET_CLIENT */;
/*!40101 SET CHARACTER_SET_RESULTS=@OLD_CHARACTER_SET_RESULTS */;
/*!40101 SET COLLATION_CONNECTION=@OLD_COLLATION_CONNECTION */;
